Table 4:  Summary data table for Ascore analysis of peptides found in this study,,,,,,,,,,,,,,,,,
,PhosphoSite,,,Peptide,,,,,,,,,,,,,
Name/Protein Class,Accession,Site(s),Sequence,Change,Ascore Sequence,Ascore 1,Ascore 2,Ascore 3,,,,,,,,,
Adaptor/scaffold,,,,,,,,,,,,,,,,,
14-3-3 zeta,P63104,§232,DNLTLWTSDT*QGDEAEAGEGGEN,No,DNLTLWTSDT*QGDEAEAGEGGEN,30.7,,,,,,,,,,,
AKAP1,Q92667,"353, 357, 360",NEEIKRAAFQIIS*QVIS*EAT*EQVLATTVGK,Yes,NEEIKRAAFQIIS*QVIS*EATEQVLAT*TVGK,94.35,28.96,9.82,,,,,,,,,
AKAP1,Q92667,"353, 357, 366",NEEIKRAAFQIIS*QVIS*EATEQVLAT*TVGK,Yes,RVT*DFPXSLVGAVATVTQATM#WS*VLIHT*NK,19.87,5.51,14.77,,,,,,,,,
AKAP12,Q5SZ80,1264,TEGT*QEADQYADEK,No,TEGT*QEADQYADEK,22.84,,,,,,,,,,,
AKAP2,Q9Y2D5,"624, 636",GQKS*PGALETPSAAGS*QGNTASQGK,No,GQKS*PGALETPSAAGS*QGNTASQGK,29,22.13,,,,,,,,,,
ATG16L1,Q676U5,269,RLS*QPAGGLLDSITNIFGR,No,RLS*QPAGGLLDSITNIFGR,31.34,,,,,,,,,,,
CGN,Q9P2M7,§131,SHS*QASLAGPGPVDPSNR,No,SHS*QASLAGPGPVDPSNR,14.49,,,,,,,,,,,
Dok1,Q99704,310,IAPCPS*QDSLYSDPLDSTSAQAGEGVQR,No,IAPCPS*QDSLYSDPLDSTSAQAGEGVQR,7.66,,,,,,,,,,,
GKAP1,Q5VSY0,"39, 42, 50",GK^GRNT*GKS*QT*LGSKSTTNEK,Yes,GK^GRNT*GKS*QTLGSKST*TNEK,10.96,7.48,13.24,,,,,,,,,
IRS-1,P35568,§270,SKS*QSSSNCSNPISVPLR,No,SKS*QSSSNCSNPISVPLR,0.02,,,,,,,,,,,
IRS-2,Q9Y4H2,306,SKS*QSSGSSATHPISVPGAR,No,SKS*QSSGSSATHPISVPGAR,0,,,,,,,,,,,
kanadaptin,Q9BWU0,"709, 712",ETQTHENMS*QLS*EEEQNKDYQDCSK,No,ETQTHENMS*QLS*EEEQNKDYQDCSK,16.73,18.66,,,,,,,,,,
LMO7,Q8WWI1,"§988, §990, 997",EVAATEEDVTRLPS*PT*SPFSSLS*QDQAATSK,Yes,EVAATEEDVTRLPS*PTSPFS*SLSQDQAAT*SK,15.03,14.01,0,,,,,,,,,
LMO7,Q8WWI1,"§988, §991, 997",EVAATEEDVTRLPS*PTS*PFSSLS*QDQAATSK,No,EVAATEEDVTRLPS*PTS*PFSSLS*QDQAATSK,31.51,30.83,18.49,,,,,,,,,
LMO7,Q8WWI1,"§990, 997",EVAATEEDVTRLPSPT*SPFSSLS*QDQAATSK,Yes,EVAATEEDVTRLPS*PTSPFSS*LSQDQAATSK,4.08,11.56,,,,,,,,,,
LMO7,Q8WWI1,"§991, §994, 997",EVAATEEDVTRLPSPTS*PFS*SLS*QDQAATSK,Yes,EVAATEEDVTRLPSPTS*PFS*S*LSQDQAATSK,7.48,9.39,7.81,,,,,,,,,
MACF1,Q96PK2,"5506, 5511, 5513",S*GGRKS*LS*QPTPPPMPILSQSEAKNPR,No,S*GGRKS*LS*QPTPPPMPILSQSEAKNPR,15.97,20.27,17.25,,,,,,,,,
MICAL1,Q8TDZ2,"444, 446, 447",RWAEGAESLEVLAERESLYQLLS*QT*S*PENMHR,No,RWAEGAESLEVLAERESLYQLLS*QT*S*PENMHR,12.36,11.75,11.46,,,,,,,,,
NDFIP2,Q9NV92,205,AAAMAAAAAETS*QR,No,AAAMAAAAAETS*QR,38.42,,,,,,,,,,,
NMD3,Q9Y2Z6,490,ISLAEMLEDLHIS*QDATGEEGASMLT,No,ISLAEMLEDLHIS*QDATGEEGASMLT,4.92,,,,,,,,,,,
NMD3,Q9Y2Z6,490,ISLAEMLEDLHIS*QDATGEEGASMLT,Yes,ISLAEMLEDLHISQDAT*GEEGASMLT,9.53,,,,,,,,,,,
PHIP,Q8WWQ0,633,EEQLIPQMGVTSSGLNQVLS*QQANQEISPLDSMIQR,No,EEQLIPQMGVTSSGLNQVLS*QQANQEISPLDSMIQR,25.38,,,,,,,,,,,
RAPH1,Q9C0I2,"842, 860, 866",PPPSPLS*PVPSVVKQIASQFPPPPT*PPAMES*QPLK,Yes,PPPSPLSPVPS*VVKQIASQFPPPPT*PPAMES*QPLK,4.49,6.32,3.97,,,,,,,,,
RbBP1,P29374,882,IENGMEM#TNTVS*QER,No,IENGMEM#TNTVS*QER,13.27,,,,,,,,,,,
RCD-8,Q13826,"§729, 741",TRS*PDVISSASTALS*QDIPEIASEALSR,No,TRS*PDVISSASTALS*QDIPEIASEALSR,10.34,57.29,,,,,,,,,,
SAKS1,Q04323,202,YGGSVGSQPPPVAPEPGPVPSSPS*QEPPTKR,No,YGGSVGSQPPPVAPEPGPVPSSPS*QEPPTKR,11.94,,,,,,,,,,,
SH3KBP1,Q96B97,"536, 538, 540",KTSKT*VT*IS*QVSDNK,No,KTSKT*VT*IS*QVSDNK,4.79,10.36,20.57,,,,,,,,,
SPAG9,Q8IZX7,238,FQELS*QPR,No,FQELS*QPR,N/A,,,,,,,,,,,
SPAG9,Q8IZX7,254,SHTSLKDELSDVS*QGGSK,No,SHTSLKDELSDVS*QGGSK,58.33,,,,,,,,,,,
SPAG9,Q8IZX7,"§245, 251, 254",SHTS*LKDELS*DVS*QGGSK,No,SHTS*LKDELS*DVS*QGGSK,12.2,22.05,14.12,,,,,,,,,
SPAG9,Q8IZX7,"251, 254",SHTSLKDELS*DVS*QGGSK,No,SHTSLKDELS*DVS*QGGSK,52.62,28.28,,,,,,,,,,
Tks5,Q5TCZ1,1038,AAS*QGSDSPLLPAQR,No,AAS*QGSDSPLLPAQR,43.47,,,,,,,,,,,
VANGL1,Q8TAA9,88,TEEVQDDNWGETTTAITGTSEHSIS*QEDIAR,No,TEEVQDDNWGETTTAITGTSEHSIS*QEDIAR,5.81,,,,,,,,,,,
VANGL1,Q8TAA9,"86, 88",TEEVQDDNWGETTTAITGTSEHS*IS*QEDIAR,Yes,TEEVQDDNWGETTTAITGT*SEHSIS*QEDIAR,0,20.11,,,,,,,,,,
ZO1,Q07157,1099,QPYPSRPPFDNQHS*QDLDSR,No,QPYPSRPPFDNQHS*QDLDSR,12.67,,,,,,,,,,,
,,,,,,,,,,,,,,,,,
Adhesion or extracellular matrix protein,,,,,,,,,,,,,,,,,
CD44,P16070,"§697, §706",KPS*GLNGEASKS*QEMVHLVNK,No,KPS*GLNGEASKS*QEMVHLVNK,14.13,22.87,,,,,,,,,,
CD44,P16070,§706,KPSGLNGEASKS*QEMVHLVNK,No,KPSGLNGEASKS*QEMVHLVNK,44.78,,,,,,,,,,,
CDH2,P19022,788,YDEEGGGEEDQDYDLS*QLQQPDTVEPDAIKPVGIR,No,YDEEGGGEEDQDYDLS*QLQQPDTVEPDAIKPVGIR,46.36,,,,,,,,,,,
CPXM1,Q96SM3,"128, 133, 135",VSDS*RLEAS*SS*QSFGLGPHRGR,No,VSDS*RLEAS*SS*QSFGLGPHRGR,0.56,11.51,8.58,,,,,,,,,
liprin alpha 1,Q13136,"773, 776, 785",DIRNS*TGS*QDGPVSNPS*SSNSSQDSLHK,No,DIRNS*TGS*QDGPVSNPS*SSNSSQDSLHK,9.82,5.92,10.74,,,,,,,,,
liprin alpha 1,Q13136,"773, 776, 790",DIRNS*TGS*QDGPVSNPSSSNSS*QDSLHK,Yes,DIRNS*TGS*QDGPVSNPSSS*NSSQDSLHK,4.97,8.68,0,,,,,,,,,
liprin alpha 1,Q13136,"774, 776, 785",DIRNST*GS*QDGPVSNPS*SSNSSQDSLHK,Yes,DIRNS*TGS*QDGPVSNPSSSNS*SQDSLHK,0,17.53,0,,,,,,,,,
PODXL2,Q9NZ53,"209, 210, 212, 220",PQVRDFSLT*S*SS*QTPGATKS*R,Yes,PQVRDFS*LT*S*SSQT*PGATKSR,,,,,,,,,,,,
PSCDBP,O60759,"66, 73",KQLALTRSSS*LSDFSWS*QR,Yes,KQLALTRSS*SLSDFSWS*QR,0,11.35,,,,,,,,,,
,,,,,,,,,,,,,,,,,
Apoptosis,,,,,,,,,,,,,,,,,
acinus,Q9UKV3,132,HSTPHAAFQPNSQIGEEMS*QNSFIK,No,HSTPHAAFQPNSQIGEEMS*QNSFIK,21.56,,,,,,,,,,,
acinus,Q9UKV3,744,KCEAEEAEPPAAT*QPQTSETQTSHLPESER,No,KCEAEEAEPPAAT*QPQTSETQTSHLPESER,28.53,,,,,,,,,,,
acinus,Q9UKV3,§710,RLS*QPESAEK,No,RLS*QPESAEK,63.77,,,,,,,,,,,
DBC-1,Q8N163,§454,AAEAAPPT*QEAQGETEPTEQAPDALEQAADTSRR,No,AAEAAPPT*QEAQGETEPTEQAPDALEQAADTSRR,56.06,,,,,,,,,,,
p400,Q96L91,2050,AEEFVVLS*QEPSVTETIAPK,No,AEEFVVLS*QEPSVTETIAPK,40.34,,,,,,,,,,,
requiem,Q92785,113,EGLIS*QDGSSLEALLR,No,EGLIS*QDGSSLEALLR,31.51,,,,,,,,,,,
,,,,,,,,,,,,,,,,,
Calcium-binding protein,,,,,,,,,,,,,,,,,
SDF4,Q9BRK5,§193,LNEELK#VDEET*QEVLENLK#DR@,Yes,S*LLPSTGPS*KEQTGMEAQRRRR,4.79,8.7,,,,,,,,,,
,,,,,,,,,,,,,,,,,
Cell cycle regulation,,,,,,,,,,,,,,,,,
bamacan,Q9UQE7,"§1065, §1067",KGDVEGS*QS*QDEGEGSGESER,No,KGDVEGS*QS*QDEGEGSGESER,80.9,92.66,,,,,,,,,,
bamacan,Q9UQE7,"§1065, §1074",KGDVEGS*QSQDEGEGS*GESER,Yes,KGDVEGSQS*QDEGEGS*GESER,20.17,14.89,,,,,,,,,,
bamacan,Q9UQE7,§1067,KGDVEGSQS*QDEGEGSGESER,No,KGDVEGSQS*QDEGEGSGESER,45.71,,,,,,,,,,,
CLASP1,Q7Z460,1196,FSFRS*QEDLNEPIKR,No,FSFRS*QEDLNEPIKR,23.65,,,,,,,,,,,
claspin,Q9HAW4,950,FTS*QDASTPASSELNK,No,FTS*QDASTPASSELNK,11.51,,,,,,,,,,,
cyclin C,P24863,301,MPKPKPPPNSEGEQGPNGSQNSSYS*QS,No,MPKPKPPPNSEGEQGPNGSQNSSYS*QS,5.9,,,,,,,,,,,
cyclin C,P24863,"295, 298, 301",MPKPKPPPNSEGEQGPNGS*QNS*SYS*QS,No,MPKPKPPPNSEGEQGPNGS*QNS*SYS*QS,20.47,6.36,0.03,,,,,,,,,
cyclin C,P24863,"295, 301",PKPPPNSEGEQGPNGS*QNSSYS*QS,No,PKPPPNSEGEQGPNGS*QNSSYS*QS,14.96,13.45,,,,,,,,,,
MDC1,Q14676,513,S*QASTTVDINTQVEK,No,S*QASTTVDINTQVEK,64.79,,,,,,,,,,,
MDC1,Q14676,659,ENLTDLVVDTDTLGEST*QPQR,No,ENLTDLVVDTDTLGEST*QPQR,7.38,,,,,,,,,,,
MDC1,Q14676,659,ENLTDLVVDTDTLGEST*QPQR@,Yes,LT*KM#TSDDQDGSTGVNS*KGSGR,14.97,9.42,,,,,,,,,,
MDC1,Q14676,"1086, 1095",QDGS*QEAPEAPLS*SELEPFHPKPK,No,QDGS*QEAPEAPLS*SELEPFHPKPK,73.64,8.36,,,,,,,,,,
NASP,P49321,464,VQIAANEET*QER,No,VQIAANEET*QER,N/A,,,,,,,,,,,
NASP,P49321,§421,LVPS*QEETKLSVEESEAAGDGVDTK,Yes,LVPSQEETKLS*VEESEAAGDGVDTK,12.27,,,,,,,,,,,
NuMA-1,Q14980,395,LSQLEEHLS*QLQDNPPQEK,No,LSQLEEHLS*QLQDNPPQEK,74.41,,,,,,,,,,,
NuMA-1,Q14980,"1744, §1757",T*QPDGTSVPGEPAS*PISQR,No,T*QPDGTSVPGEPAS*PISQR,38.45,51.33,,,,,,,,,,
NUSAP1,Q9BXS6,"240, 244, 247",GRLS*VAST*PIS*QR,No,GRLS*VAST*PIS*QR,64.54,13.24,65.02,,,,,,,,,
NUSAP1,Q9BXS6,"244, 247",LSVAST*PIS*QR,No,LSVAST*PIS*QR,32.4,40.2,,,,,,,,,,
SGOL2,Q562F6,507,ITNEQEETYSLS*QSSGK,No,ITNEQEETYSLS*QSSGK,28.76,,,,,,,,,,,
TACC1,O75410,44,GGAAGEDEAGGPEGDPEEEDS*QAETK,No,GGAAGEDEAGGPEGDPEEEDS*QAETK,39.81,,,,,,,,,,,
TNKS1BP1,Q9C0C2,§836,VVGKPAQLGTQRS*QEADVQDWEFR,No,VVGKPAQLGTQRS*QEADVQDWEFR,6.72,,,,,,,,,,,
VCP,P55072,§783,FPSGNQGGAGPS*QGSGGGTGGSVYTEDNDDDLYG,No,FPSGNQGGAGPS*QGSGGGTGGSVYTEDNDDDLYG,42.94,,,,,,,,,,,
,,,,,,,,,,,,,,,,,
Chaperone,,,,,,,,,,,,,,,,,
FKBP4,Q02790,450,SNTAGS*QSQVETEA,No,SNTAGS*QSQVETEA,10.42,,,,,,,,,,,
,,,,,,,,,,,,,,,,,
"Chromatin, DNA-binding, DNA repair or DNA replication protein",,,,,,,,,,,,,,,,,
ARID1A,O14497,604,FPPPQELS*QDSFGSQASSAPSMTSSK,No,FPPPQELS*QDSFGSQASSAPSMTSSK,65.16,,,,,,,,,,,
ARID1B,Q8NFD5,632,YQPQQDMS*QEGYGTR,No,YQPQQDMS*QEGYGTR,75.8,,,,,,,,,,,
BAZ1A,Q9NRL2,286,IHIS*QEDNVANK,No,IHIS*QEDNVANK,N/A,,,,,,,,,,,
BAZ1A,Q9NRL2,850,PSSFQNNVQS*QDPQVSTK,No,PSSFQNNVQS*QDPQVSTK,86.39,,,,,,,,,,,
CAF-1B,Q13112,"409, 424, 428",GS*SPGPRPVEGTPASRT*QDPS*SPGTTPPQAR,Yes,GSSPGPRPVEGTPASRT*QDPS*S*PGTTPPQAR,4.68,13.54,17.69,,,,,,,,,
CAF-1B,Q13112,"410, 424, 428",GSS*PGPRPVEGTPASRT*QDPS*SPGTTPPQAR,Yes,GS*SPGPRPVEGTPASRT*QDPSS*PGTTPPQAR,0,4.28,0,,,,,,,,,
CAF-1B,Q13112,"424, 428",GSSPGPRPVEGTPASRT*QDPS*SPGTTPPQAR,No,GSSPGPRPVEGTPASRT*QDPS*SPGTTPPQAR,17.48,0,,,,,,,,,,
CBX3,Q13185,79,GFTDADNTWEPEENLDCPELIEAFLNS*QK,No,GFTDADNTWEPEENLDCPELIEAFLNS*QK,159.17,,,,,,,,,,,
CHD-4,Q14839,"§1549, §1553",TPTPSTPGDT*QPNT*PAPVPPAEDGIK,No,TPTPSTPGDT*QPNT*PAPVPPAEDGIK,28.53,38.62,,,,,,,,,,
CHD-6,Q8TD26,1714,VLS*QEPSSFQESPSTNTESR,No,VLS*QEPSSFQESPSTNTESR,50.04,,,,,,,,,,,
CHD-8,Q9HCK8,"1974, 1979",LPPLQPEEDDDEDEEDDDDLS*QGYDS*SER,No,LPPLQPEEDDDEDEEDDDDLS*QGYDS*SER,34.68,14.49,,,,,,,,,,
CRAMP1L,Q96RY5,1586,EALFDGGGGGPAVSDLS*Q,No,EALFDGGGGGPAVSDLS*Q,80.99,,,,,,,,,,,
CROP,O95232,110,LALS*QNQQSSGAAGPTGK,No,LALS*QNQQSSGAAGPTGK,80.68,,,,,,,,,,,
CROP,O95232,"§425, §429",ESDTKNEVNGTSEDIKS*EGDT*QSN,No,ESDTKNEVNGTSEDIKS*EGDT*QSN,22.91,7.04,,,,,,,,,,
CROP,O95232,"§425, §429, §431",NEVNGTSEDIKS*EGDT*QS*N,No,NEVNGTSEDIKS*EGDT*QS*N,92.87,141.88,182.41,,,,,,,,,
CROP,O95232,§429,ESDTKNEVNGTSEDIKSEGDT*QSN,No,ESDTKNEVNGTSEDIKSEGDT*QSN,11.94,,,,,,,,,,,
CROP,O95232,"§429, §431",ESDTKNEVNGTSEDIKSEGDT*QS*N,No,ESDTKNEVNGTSEDIKSEGDT*QS*N,48.66,92.03,,,,,,,,,,
CTF18,Q9BR83,87,GDAASSPAPAASVGSS*QGGAR@,Yes,T*PTPT*NSSTPSS*VSKR,38.42,0,20.91,,,,,,,,,
CTF18,Q9BR83,"77, 87",GDAASS*PAPAASVGSS*QGGAR,No,GDAASS*PAPAASVGSS*QGGAR,13.24,13.24,,,,,,,,,,
DDX18,Q9NVP1,74,QKPM#NVGLSETQNGGM#S*QEAVGNIK,No,QKPM#NVGLSETQNGGM#S*QEAVGNIK,44.6,,,,,,,,,,,
DDX9,Q08211,321,LAQFEPS*QR,No,LAQFEPS*QR,N/A,,,,,,,,,,,
DDX9,Q08211,321,LAQFEPS*QR@,Yes,LT*T*LPYHR,22.01,22.01,,,,,,,,,,
DDX9,Q08211,321,LAQFEPS*QR@,Yes,SPKFFVGAT*K,37.18,,,,,,,,,,,
FANCA,O15360,1449,QQAAPDADLS*QEPHLF,No,QQAAPDADLS*QEPHLF,N/A,,,,,,,,,,,
FANCD2 iso2,Q9BQ06,"§592, §596",SES*PSLT*QER,No,SES*PSLT*QER,33.68,42.65,,,,,,,,,,
H2AFY,O75367,"§128, 137, 139",GKLEAIIT*PPPAKKAKS*PS*QK,No,GKLEAIIT*PPPAKKAKS*PS*QK,N/A,N/A,N/A,,,,,,,,,
HMG-1,P17096,"§98, §101",KLEKEEEEGIS*QES*SEEEQ,No,KLEKEEEEGIS*QES*SEEEQ,34.98,10.28,,,,,,,,,,
HMG-1,P17096,"§98, §101, §102",KLEKEEEEGIS*QES*S*EEEQ,No,KLEKEEEEGIS*QES*S*EEEQ,N/A,N/A,N/A,,,,,,,,,
MCM2,P49736,§108,AIPELDAYEAEGLALDDEDVEELTAS*QR,No,AIPELDAYEAEGLALDDEDVEELTAS*QR,41.33,,,,,,,,,,,
MRE11A,P49959,676,IMS*QSQVSK,No,IMS*QSQVSK,8.94,,,,,,,,,,,
MRE11A,P49959,678,IMSQS*QVSK,No,IMSQS*QVSK,13.27,,,,,,,,,,,
MybBP1A,Q9BQG0,"1161, §1163",EIPSAT*QS*PISK,No,EIPSAT*QS*PISK,33.7,35.82,,,,,,,,,,
NBS1,O60934,58,NHAVLTANFSVTNLS*QTDEIPVLTLK,No,NHAVLTANFSVTNLS*QTDEIPVLTLK,2.97,,,,,,,,,,,
NBS1,O60934,58,NHAVLTANFSVTNLS*QTDEIPVLTLK,Yes,NHAVLTANFSVTNLSQT*DEIPVLTLK,11.01,,,,,,,,,,,
NBS1,O60934,397,MLS*QDAPTVK,No,MLS*QDAPTVK,93.13,,,,,,,,,,,
NBS1,O60934,615,MDIETNDTFSDEAVPESSKIS*QENEIGK,No,MDIETNDTFSDEAVPESSKIS*QENEIGK,24.78,,,,,,,,,,,
NBS1,O60934,§343,TTTPGPSLS*QGVSVDEK,No,TTTPGPSLS*QGVSVDEK,43.03,,,,,,,,,,,
NBS1,O60934,"337, §343",TTT*PGPSLS*QGVSVDEK,No,TTT*PGPSLS*QGVSVDEK,0.01,17.01,,,,,,,,,,
NIPBL,Q6KC79,553,VDS*QASITQDSDSIK,No,VDS*QASITQDSDSIK,46.24,,,,,,,,,,,
NUCB1,Q02818,§369,AQRLS*QETEALGR,No,AQRLS*QETEALGR,47.61,,,,,,,,,,,
PMS2,P54278,597,LVNT*QDMSASQVDVAVK,No,LVNT*QDMSASQVDVAVK,59.3,,,,,,,,,,,
polybromo 1,Q86U86,§948,TYS*QDCSFK,No,TYS*QDCSFK,51.66,,,,,,,,,,,
PSF2,Q9Y248,182,TNLQPLESTQS*QDF,No,TNLQPLESTQS*QDF,51.64,,,,,,,,,,,
PSF2,Q9Y248,"179, 182",TNLQPLES*TQS*QDF,No,TNLQPLES*TQS*QDF,7.93,28.5,,,,,,,,,,
PSF2,Q9Y248,"180, 182",LRTNLQPLEST*QS*QDF,No,LRTNLQPLEST*QS*QDF,32.4,61.06,,,,,,,,,,
RAD23A,P54725,357,NENLAANFLLS*QNFDDE,No,NENLAANFLLS*QNFDDE,N/A,,,,,,,,,,,
Rad50,Q92878,§635,KEEQLSSYEDKLFDVCGS*QDFESDLDR,No,KEEQLSSYEDKLFDVCGS*QDFESDLDR,23.9,,,,,,,,,,,
RFC1,P35251,§190,RKELS*QNTDESGLNDEAIAK,No,RKELS*QNTDESGLNDEAIAK,31.81,,,,,,,,,,,
Rif1,Q5UIP0,1098,CDIPAMYNNLDVSQDTLFTQYS*QEEPMEIPTLTR,No,CDIPAMYNNLDVSQDTLFTQYS*QEEPMEIPTLTR,25.21,,,,,,,,,,,
Rif1,Q5UIP0,1518,KADPENIKSEGDGT*QDIVDK,No,KADPENIKSEGDGT*QDIVDK,16.25,,,,,,,,,,,
RPA1,P27694,180,AAGPSLSHTSGGT*QSK,No,AAGPSLSHTSGGT*QSK,30.04,,,,,,,,,,,
SHPRH,Q149N8,597,SQPFINPDS*QGHCPATSDSGITDVAM#SK,No,SQPFINPDS*QGHCPATSDSGITDVAM#SK,55.14,,,,,,,,,,,
Smc1,Q14683,§360,MEEESQS*QGRDLTLEENQVK,No,MEEESQS*QGRDLTLEENQVK,7.57,,,,,,,,,,,
Smc1,Q14683,§957,GTM#DDISQEEGSS*QGEDSVSGSQR,No,GTM#DDISQEEGSS*QGEDSVSGSQR,52.75,,,,,,,,,,,
Smc1,Q14683,"§957, §966",GTMDDISQEEGSS*QGEDSVSGS*QR,No,GTMDDISQEEGSS*QGEDSVSGS*QR,34.22,49.12,,,,,,,,,,
Smc1,Q14683,§966,GTMDDISQEEGSSQGEDSVSGS*QR,No,GTMDDISQEEGSSQGEDSVSGS*QR,36.35,,,,,,,,,,,
Smc1,Q14683,"358, §360",MEEES*QS*QGRDLTLEENQVKK,No,MEEES*QS*QGRDLTLEENQVKK,100.83,86.04,,,,,,,,,,
Smc1,Q14683,"951, §957",GTMDDIS*QEEGSS*QGEDSVSGSQR,No,GTMDDIS*QEEGSS*QGEDSVSGSQR,29.28,24.75,,,,,,,,,,
Smc1,Q14683,"956, §966",GTMDDISQEEGS*SQGEDSVSGS*QR,Yes,GTMDDISQEEGS*S*QGEDSVSGSQR,16.12,9.2,,,,,,,,,,
SMC6L1,Q96SB8,1083,GQTTLPFRPVT*QEEDDDQR,No,GQTTLPFRPVT*QEEDDDQR,64.86,,,,,,,,,,,
TDP1,Q9NUW8,563,FFAGS*QEPM#ATFPVPYDLPPELYGSK,No,FFAGS*QEPM#ATFPVPYDLPPELYGSK,23.15,,,,,,,,,,,
TERF2IP,Q9NYB0,206,YLLGDAPVSPSS*QK,No,YLLGDAPVSPSS*QK,0,,,,,,,,,,,
TOPBP1,Q92547,492,DFAPSEKHEQADEDLLS*QYENGSSTVVEAK,No,DFAPSEKHEQADEDLLS*QYENGSSTVVEAK,10.72,,,,,,,,,,,
UKp68,Q6PJT7,390,TRTS*QEELLAEVVQGQSR,No,TRTS*QEELLAEVVQGQSR,19.33,,,,,,,,,,,
UKp68,Q6PJT7,450,LQIDPVMAETLQMS*QDYYDMESMVHADTR,No,LQIDPVMAETLQMS*QDYYDMESMVHADTR,8.38,,,,,,,,,,,
WDHD1,O75717,826,AAELTAT*QVEEEEEEEDFRK,No,AAELTAT*QVEEEEEEEDFRK,31.51,,,,,,,,,,,
ZAP,Q7Z2W4,335,FLENGS*QEDLLHGNPGSTYLASNSTSAPNWK,No,FLENGS*QEDLLHGNPGSTYLASNSTSAPNWK,59.41,,,,,,,,,,,
ZAP,Q7Z2W4,§257,FFQGS*QEFLASASASAER,No,FFQGS*QEFLASASASAER,19.16,,,,,,,,,,,
ZNF16,Q8ND22,137,LPQSLS*QEGDFTPAAMGLLR,No,LPQSLS*QEGDFTPAAMGLLR,34.31,,,,,,,,,,,
ZNF262,Q5VZL5,1256,SDPLGSTQDHALS*QESSEPGCR,No,SDPLGSTQDHALS*QESSEPGCR,52.41,,,,,,,,,,,
ZNF262,Q5VZL5,"1064, 1068, 1070",KTLS*QGES*QT*SEHELFLDTK,Yes,KTLS*QGESQT*S*EHELFLDTK,5.08,2.22,4.23,,,,,,,,,
ZNF262,Q5VZL5,"118, 122",R@VT*QHES*DNENEIQIQNK#,Yes,RVT*QHES*DNENEIQIQNK,N/A,N/A,,,,,,,,,,
ZNF262,Q5VZL5,"118, 122",RVT*QHES*DNENEIQIQNK,No,LRAGGESQPSRPPAQAATAS*S*R,10.36,0,,,,,,,,,,
ZNF262,Q5VZL5,"1249, 1256",SDPLGS*TQDHALS*QESSEPGCR,Yes,SDPLGST*QDHALS*QESSEPGCR,21.3,33.63,,,,,,,,,,
ZNF262,Q5VZL5,"1250, 1256",SDPLGST*QDHALS*QESSEPGCR@,Yes,S*WRRCS*ISGS*T*KCRCGSR,,,,,,,,,,,,
ZNF262,Q5VZL5,"1256, 1259",SDPLGSTQDHALS*QES*SEPGCR,No,SDPLGSTQDHALS*QES*SEPGCR,16.15,5.88,,,,,,,,,,
ZNF295,Q9ULJ3,348,R@SLSMDS*QVPVYSPSIDLK#,Yes,RPSPSRRRPPPS*PT*RRR,47.78,44.96,,,,,,,,,,
ZNF295,Q9ULJ3,348,RSLSM#DS*QVPVYSPSIDLK,Yes,RS*LSM#DSQVPVYSPSIDLK,7.57,,,,,,,,,,,
ZNF295,Q9ULJ3,362,SS*QGSSSVSSDAPGNVLCALSQK,No,SS*QGSSSVSSDAPGNVLCALSQK,0.07,,,,,,,,,,,
ZNF295,Q9ULJ3,362,SS*QGSSSVSSDAPGNVLCALSQK,Yes,SSQGS*SSVSSDAPGNVLCALSQK,11.51,,,,,,,,,,,
ZNF295,Q9ULJ3,381,SSQGSSSVSSDAPGNVLCALS*QK,No,SSQGSSSVSSDAPGNVLCALS*QK,98.19,,,,,,,,,,,
ZNF507,Q8TCN5,"300, 306",GHVNVIVERLPS*AEETLS*QKR,No,GHVNVIVERLPS*AEETLS*QKR,23.66,16.18,,,,,,,,,,
ZNF638,Q14966,1825,LESLS*QVGPVNENVMEEDLK,No,LESLS*QVGPVNENVMEEDLK,7.85,,,,,,,,,,,
,,,,,,,,,,,,,,,,,
Cytoskeletal protein,,,,,,,,,,,,,,,,,
abLIM,NP_006711,§164,STS*QGSINSPVYSR,No,STS*QGSINSPVYSR,10.39,,,,,,,,,,,
abLIM,NP_006711,"§164, 170",STS*QGSINS*PVYSR,No,STS*QGSINS*PVYSR,0.06,15.84,,,,,,,,,,
abLIM3,O94929,"462, 466, 468, 469",RHGDLSTATKSKTS*EDIS*QT*S*K,No,RHGDLSTATKSKTS*EDIS*QT*S*K,,,,,,,,,,,,
ACTL7B,Q9Y614,37,DTGAAT*QLKMKPR@KVHK,Yes,S*VSRSEELRKEARQLK,0,,,,,,,,,,,
cortactin,Q14247,"§399, §401, §405",AKT*QT*PPVS*PAPQPTEER,No,AKT*QT*PPVS*PAPQPTEER,89.57,109.83,86.36,,,,,,,,,
cortactin,Q14247,"§399, §405",T*QTPPVS*PAPQPTEER,Yes,TQT*PPVS*PAPQPTEER,0.01,22.87,,,,,,,,,,
CPAP,Q9HC77,892,LNIS*QDQPPGDNAR,No,LNIS*QDQPPGDNAR,N/A,,,,,,,,,,,
DAL-1,Q9Y2J2,§460,GIS*QTNLITTVTPEK,No,GIS*QTNLITTVTPEK,22.01,,,,,,,,,,,
DAL-1,Q9Y2J2,§88,QLEYQQLEDDKLS*QK,No,QLEYQQLEDDKLS*QK,127.53,,,,,,,,,,,
DAL-1,Q9Y2J2,"§88, 91, 92",QLEYQQLEDDKLS*QKS*S*SSK,No,QLEYQQLEDDKLS*QKS*S*SSK,4.51,8.68,0,,,,,,,,,
DBN1,Q16643,600,EGTQASEGYFSQS*QEEEFAQSEELCAK,No,EGTQASEGYFSQS*QEEEFAQSEELCAK,42.15,,,,,,,,,,,
ELMO2,Q96JJ3,517,MS*QDDFQSPPIVELR,No,MS*QDDFQSPPIVELR,86.02,,,,,,,,,,,
EPB41L2,O43491,47,EVAENQQNQSSDPEEEKGS*QPPPAAESQSSLR,No,EVAENQQNQSSDPEEEKGS*QPPPAAESQSSLR,47.93,,,,,,,,,,,
eplin,Q9UHB6,726,SLNWSSFVDNTFAEEFTTQNQKS*QDVELWEGEVVK,No,SLNWSSFVDNTFAEEFTTQNQKS*QDVELWEGEVVK,10.18,,,,,,,,,,,
GM130,Q08379,119,QLS*QQLNGLVCESATCVNGEGPASSANLK,No,QLS*QQLNGLVCESATCVNGEGPASSANLK,48.81,,,,,,,,,,,
KIAA1688,Q9C0H5,"296, 299, 303",AELPGSSSPLLAQPRKPS*GDS*QPSS*PR,No,AELPGSSSPLLAQPRKPS*GDS*QPSS*PR,12.91,7.07,0,,,,,,,,,
Lasp-1,Q14847,§146,MGPSGGEGMEPERRDS*QDGSSYR,No,MGPSGGEGMEPERRDS*QDGSSYR,26.66,,,,,,,,,,,
MAP1B,P46821,336,KIAELEEEQS*QGSTTNSDWM#K,No,KIAELEEEQS*QGSTTNSDWM#K,64.9,,,,,,,,,,,
PHACTR2,O75167,522,RLS*QRPTTEELEQR,No,RLS*QRPTTEELEQR,35.28,,,,,,,,,,,
PSTPIP2,Q9H939,"273, 288, 289",KT*GQIPPAPIMHENFYS*S*QK,Yes,KTGQIPPAPIMHENFYS*S*QK,10.2,18.04,,,,,,,,,,
restin,P30622,"172, 180, §195",PS*QPAAKEPS*ATPPISNLTKTASES*ISNLSEAGSIK,Yes,TRDDGDEEGLLT*HS*EEELEHS*QDT*DADDGALQ,,,,,,,,,,,,
SPTBN1,Q01082,§2128,GEQVS*QNGLPAEQGSPR,No,GEQVS*QNGLPAEQGSPR,69.99,,,,,,,,,,,
SPTBN1,Q01082,"§2128, §2138",GEQVS*QNGLPAEQGS*PR,No,GEQVS*QNGLPAEQGS*PR,N/A,N/A,,,,,,,,,,
supervillin,O95425,657,FRT*QPITSAER,No,FRT*QPITSAER,40.34,,,,,,,,,,,
TBCB,Q99426,§110,VEKYTIS*QEAYDQR,No,VEKYTIS*QEAYDQR,57.75,,,,,,,,,,,
TMSB10,P63313,22,TET*QEKNTLPTKETIEQEKR,No,TET*QEKNTLPTKETIEQEKR,10.34,,,,,,,,,,,
TMSB4X,P62328,§22,KTET*QEKNPLPSK,No,KTET*QEKNPLPSK,21.77,,,,,,,,,,,
"tubulin, alpha, ubiquitous",P68363,232,LIS*QIVSSITASLR,No,LIS*QIVSSITASLR,53.97,,,,,,,,,,,
,,,,,,,,,,,,,,,,,
Endoplasmic reticulum or golgi,,,,,,,,,,,,,,,,,
calnexin,P27824,"§554, §562, §564",QKS*DAEEDGGT*VS*QEEEDRKPK,No,QKS*DAEEDGGT*VS*QEEEDRKPK,N/A,N/A,N/A,,,,,,,,,
calnexin,P27824,"§554, §564",QKS*DAEEDGGTVS*QEEEDR,No,QKS*DAEEDGGTVS*QEEEDR,59.05,47.34,,,,,,,,,,
calnexin,P27824,§564,SDAEEDGGTVS*QEEEDRKPK,No,SDAEEDGGTVS*QEEEDRKPK,12.74,,,,,,,,,,,
SART2,Q9UL01,797,IFAIS*QQQQQQSK,No,IFAIS*QQQQQQSK,83.5,,,,,,,,,,,
TOR1AIP2,Q8NFQ8,"150, 158",EASDGTGAS*QEPPTTDS*QEAQSPGHSSAGQEGEDTLR,No,EASDGTGAS*QEPPTTDS*QEAQSPGHSSAGQEGEDTLR,9.87,12.74,,,,,,,,,,
,,,,,,,,,,,,,,,,,
"Enzyme, misc.",,,,,,,,,,,,,,,,,
AASDHPPT,Q9NRN7,258,HQDVPS*QDDSKPTQR,No,HQDVPS*QDDSKPTQR,40.34,,,,,,,,,,,
AMPD2,Q01433,§168,QIS*QDVKLEPDILLR,No,QIS*QDVKLEPDILLR,N/A,,,,,,,,,,,
ATE1,O95260,169,KEEPQELLQS*QDFVGEK,No,KEEPQELLQS*QDFVGEK,N/A,,,,,,,,,,,
BAT8,Q96KQ7,569,GDGVTPPAGTAAPAPPPLS*QDVPGR,No,GDGVTPPAGTAAPAPPPLS*QDVPGR,124.77,,,,,,,,,,,
BAT8,Q96KQ7,"555, 569",GDGVT*PPAGTAAPAPPPLS*QDVPGR,No,GDGVT*PPAGTAAPAPPPLS*QDVPGR,11.24,80.41,,,,,,,,,,
C12orf5,Q9NQ88,154,EADQKEQFS*QGSPSNCLETSLAEIFPLGK,No,EADQKEQFS*QGSPSNCLETSLAEIFPLGK,34.1,,,,,,,,,,,
DFFA,O00273,107,WAYNNSDGGTAWIS*QESFDVDETDSGAGLK,No,WAYNNSDGGTAWIS*QESFDVDETDSGAGLK,60.67,,,,,,,,,,,
DFFA,NP_998731,257,QAPELSLSS*QDLEVGGNQGH,No,QAPELSLSS*QDLEVGGNQGH,13.24,,,,,,,,,,,
DHPS,P49366,78,KLEPLS*QDEDQHADLTQSR,No,KLEPLS*QDEDQHADLTQSR,170.64,,,,,,,,,,,
FARSLA,Q9Y285,300,THS*QGGYGSQGYK,No,THS*QGGYGSQGYK,34.55,,,,,,,,,,,
FLJ13725,Q8NDA4,"74, §76",FSTYS*QS*PPDTPSLR,No,FSTYS*QS*PPDTPSLR,13.27,31.51,,,,,,,,,,
FLJ20581,Q6NUN0,147,TGTVM#IPGVT*QLTEKDLK,No,TGTVM#IPGVT*QLTEKDLK,8.08,,,,,,,,,,,
GAPDH,P04406,183,VIHDNFGIVEGLMTTVHAITAT*QK,No,VIHDNFGIVEGLMTTVHAITAT*QK,46.24,,,,,,,,,,,
KIAA0674,Q9Y4D0,971,RPS*QEQSASASSGQPQAPLNR,Yes,RPSQEQS*ASASSGQPQAPLNR,9.85,,,,,,,,,,,
MGC3329,Q86W50,455,EGEAAAVEGPCPSQESLS*QEENPEPTEDER,No,EGEAAAVEGPCPSQESLS*QEENPEPTEDER,59.06,,,,,,,,,,,
MGC3329,Q86W50,"450, 453, 455",EGEAAAVEGPCPS*QES*LS*QEENPEPTEDERSEEK,No,EGEAAAVEGPCPS*QES*LS*QEENPEPTEDERSEEK,60.6,60.94,52.63,,,,,,,,,
MGC3329,Q86W50,"450, 455",EGEAAAVEGPCPS*QESLS*QEENPEPTEDER,No,EGEAAAVEGPCPS*QESLS*QEENPEPTEDER,29.19,41.81,,,,,,,,,,
PLCG1,P19174,§1263,YQQPFEDFRIS*QEHLADHFDSR,No,YQQPFEDFRIS*QEHLADHFDSR,71.24,,,,,,,,,,,
PPIE,Q9UNP9,126,TLEENKEEEGSEPPKAET*QEGEPIAK,No,TLEENKEEEGSEPPKAET*QEGEPIAK,76.74,,,,,,,,,,,
PPIL1,Q9Y3C6,149,VGMVETNS*QDRPVDDVK,No,VGMVETNS*QDRPVDDVK,18.03,,,,,,,,,,,
PRUNE,Q86TP1,399,ASNSLISGLS*QDEEDPPLPPTPMNSLVDECPLDQGLPK,No,ASNSLISGLS*QDEEDPPLPPTPMNSLVDECPLDQGLPK,19.95,,,,,,,,,,,
RENT1,Q92900,1127,AYQHGGVTGLS*QY,No,AYQHGGVTGLS*QY,58.33,,,,,,,,,,,
RENT1,Q92900,§1107,SQIDVALS*QDSTYQGER,No,SQIDVALS*QDSTYQGER,73.31,,,,,,,,,,,
SAE2,Q9UBT2,289,KPPVPLDWAEVQS*QGEETNASDQQNEPQLGLK,No,KPPVPLDWAEVQS*QGEETNASDQQNEPQLGLK,38.86,,,,,,,,,,,
TRIT1,Q9H3H1,167,RLS*QVDPEMAAK,No,RLS*QVDPEMAAK,N/A,,,,,,,,,,,
TRIT1,Q9H3H1,"431, 436, 439, 443",LDS*DAVNT*IES*QSVS*PDHNK,No,LDS*DAVNT*IES*QSVS*PDHNK,,,,,,,,,,,,
UGP2,Q16851,12,AM#S*QDGASQFQEVIR,No,AM#S*QDGASQFQEVIR,105.23,,,,,,,,,,,
ZCCHC11,Q5TAX3,"831, 848, 850",KELS*QCNCIDLSKSPDPDKST*GT*DCR,Yes,KELSQCNCIDLSKS*PDPDKS*T*GTDCR,4.08,12.07,20.11,,,,,,,,,
,,,,,,,,,,,,,,,,,
G protein or regulator,,,,,,,,,,,,,,,,,
ARHGAP18,Q8N392,66,SIS*QDSLDELSM#EDYWIELENIKK,No,SIS*QDSLDELSM#EDYWIELENIKK,13.27,,,,,,,,,,,
ARHGAP18,Q8N392,610,FLS*QESGVAQTLK,No,FLS*QESGVAQTLK,79.13,,,,,,,,,,,
ARHGAP18,Q8N392,"66, 69",SIS*QDS*LDELSMEDYWIELENIKK,No,SIS*QDS*LDELSMEDYWIELENIKK,16.22,17.6,,,,,,,,,,
ARHGAP23,Q9P227,189,HYS*QDCSSIK,No,HYS*QDCSSIK,67.77,,,,,,,,,,,
ARHGAP6,O43182,772,AGPCSLS*QGNLSPNWPR,No,AGPCSLS*QGNLSPNWPR,21.3,,,,,,,,,,,
ARHGEF2,Q8TDA3,172,ILS*QSTDSLNMR,No,ILS*QSTDSLNMR,51.64,,,,,,,,,,,
ARHGEF2,Q8TDA3,"172, 174",ILS*QS*TDSLNMR,No,ILS*QS*TDSLNMR,31.87,21.51,,,,,,,,,,
ARHGEF2,Q8TDA3,"172, 175",RILS*QST*DSLNMR,No,RILS*QST*DSLNMR,12.2,11.51,,,,,,,,,,
CENTD1,Q8WZ64,"577, 580, 582",NDWISILLNALKSQS*LTS*QS*QAVVTPEK,Yes,NDWISILLNALKS*QSLTS*QS*QAVVTPEK,6.73,14.49,17.32,,,,,,,,,
CSN1,Q13098,§454,EGS*QGELTPANSQSR,No,EGS*QGELTPANSQSR,74.33,,,,,,,,,,,
CSN1,Q13098,"§454, §459, §463",SPPREGS*QGELT*PANS*QSR,No,SPPREGS*QGELT*PANS*QSR,11.21,21.78,8.51,,,,,,,,,
CSN1,Q13098,"§454, §459, §465",SPPREGS*QGELT*PANSQS*R,No,SPPREGS*QGELT*PANSQS*R,22.11,23.13,2.97,,,,,,,,,
CSN1,Q13098,"§454, §463",SPPREGS*QGELTPANS*QSR,No,SPPREGS*QGELTPANS*QSR,11.47,18.34,,,,,,,,,,
DDEF1,Q9ULH1,"742, 751, 752",AT*IPPEIFQKS*S*QLAELPQK,No,AT*IPPEIFQKS*S*QLAELPQK,N/A,N/A,N/A,,,,,,,,,
DOCK10,Q96BY6,"1397, 1398, 1403",FVQS*T*QNNGT*LK,No,FVQS*T*QNNGT*LK,N/A,N/A,N/A,,,,,,,,,
HERC1,Q15751,"1512, 1517, 1521",SRS*ESDLS*QPES*DEEGYALSGR,No,SRS*ESDLS*QPES*DEEGYALSGR,0,46.24,50.56,,,,,,,,,
HERC1,Q15751,"1517, 1521",SRSESDLS*QPES*DEEGYALSGR,No,SRSESDLS*QPES*DEEGYALSGR,30.02,41.37,,,,,,,,,,
PLEKHG1,Q9ULL1,"1175, 1181, 1185",GISAKS*QPYHRS*QSSS*SVLINK,No,GISAKS*QPYHRS*QSSS*SVLINK,0.06,17.43,0,,,,,,,,,
RGS12,O14924,934,RES*QGSVSSAGSLDLSEACR,No,RES*QGSVSSAGSLDLSEACR,0,,,,,,,,,,,
RIC8A,Q9H064,30,SYNQEHS*QSFTFDDAQQEDR,No,SYNQEHS*QSFTFDDAQQEDR,6.89,,,,,,,,,,,
RIC8A,Q9H064,30,SYNQEHS*QSFTFDDAQQEDR,Yes,SYNQEHSQS*FTFDDAQQEDR,18.34,,,,,,,,,,,
SEPT10,Q9P0V9,25,TTCMSS*QGSDDEQIKR,No,TTCMSS*QGSDDEQIKR,13.24,,,,,,,,,,,
SIPA1L1,O43166,1190,SPASIDR@QNT*QSDIGGSGK#,Yes,GQAT*LGT*GWEVPPSAGS*R,2.06,3.07,11.72,,,,,,,,,
StARD13,Q9Y3M8,271,MHEFHS*QENLVVHIPK,No,MHEFHS*QENLVVHIPK,N/A,,,,,,,,,,,
,,,,,,,,,,,,,,,,,
Inhibitor protein,,,,,,,,,,,,,,,,,
DVL1,O14640,93,VVSWLVLAEGAHSDAGS*QGTDSHTDLPPPLER,Yes,VVSWLVLAEGAHSDAGSQGT*DSHTDLPPPLER,4.91,,,,,,,,,,,
,,,,,,,,,,,,,,,,,
Kinase (non-protein),,,,,,,,,,,,,,,,,
dCK,P27707,64,WCNVQST*QDEFEELTMSQK,No,WCNVQST*QDEFEELTMSQK,11.35,,,,,,,,,,,
dCK,P27707,§74,WCNVQSTQDEFEELTM#S*QK,No,WCNVQSTQDEFEELTM#S*QK,49.6,,,,,,,,,,,
dCK,P27707,"64, §74",WCNVQST*QDEFEELTMS*QK,Yes,WCNVQS*T*QDEFEELTMSQK,14.98,7.6,,,,,,,,,,
dCK,P27707,"72, §74",WCNVQSTQDEFEELT*M#S*QK,No,WCNVQSTQDEFEELT*M#S*QK,77.63,88.81,,,,,,,,,,
PIK4CA,P42356,"198, §202, 204",KTS*SVSS*IS*QVSPER,Yes,KTS*SVS*SIS*QVSPER,21.51,16.22,15.5,,,,,,,,,
PIK4CA,P42356,"198, 204",KTS*SVSSIS*QVSPER,No,KTS*SVSSIS*QVSPER,13.24,17.01,,,,,,,,,,
PIK4CB,Q9UBF8,"341, 349",RLAT*LPTK#EQKT*QR,Yes,RPS*VDPSRRMGVAISK,35.44,,,,,,,,,,,
,,,,,,,,,,,,,,,,,
Ligand; receptor tyrosine kinase,,,,,,,,,,,,,,,,,
NRG1,Q02297,527,IVEDEEYETT*QEYEPAQEPVKK,Yes,IVEDEEYET*TQEYEPAQEPVKK,28.5,,,,,,,,,,,
,,,,,,,,,,,,,,,,,
Lipid binding protein,,,,,,,,,,,,,,,,,
OSBPL11,Q9BXB4,§189,RPS*QNAISFFNVGHSK,No,RPS*QNAISFFNVGHSK,25.92,,,,,,,,,,,
,,,,,,,,,,,,,,,,,
Motor or contractile protein,,,,,,,,,,,,,,,,,
MYO5C,Q9NQX4,1157,VLESHFQS*QKDCYEK,No,VLESHFQS*QKDCYEK,15.01,,,,,,,,,,,
,,,,,,,,,,,,,,,,,
Nuclear envelope,,,,,,,,,,,,,,,,,
CENPF,P49454,1255,GDLETSNLQDMQS*QEISGLK,No,GDLETSNLQDMQS*QEISGLK,65.02,,,,,,,,,,,
Frigg,Q9UH99,§12,LTRYS*QGDDDGSSSSGGSSVAGSQSTLFK,No,LTRYS*QGDDDGSSSSGGSSVAGSQSTLFK,10,,,,,,,,,,,
lamin A/C,P02545,"§390, §392, 395",LRLS*PS*PTS*QR,No,LRLS*PS*PTS*QR,40.34,26.53,28.87,,,,,,,,,
lamin A/C,P02545,"§390, 395",LRLS*PSPTS*QR,No,LRLS*PSPTS*QR,38.37,28.87,,,,,,,,,,
man1,Q9Y2U8,907,LRTGLTNS*QGSS,No,LRTGLTNS*QGSS,14.23,,,,,,,,,,,
NUP107,P57740,37,VLLQAS*QDENFGNTTPR,No,VLLQAS*QDENFGNTTPR,105.71,,,,,,,,,,,
NUP93,Q8N1F7,52,TLTRTS*QETADVK,No,TLTRTS*QETADVK,26.38,,,,,,,,,,,
NUP93,Q8N1F7,159,ILHTLLASGEDALDFT*QESEPSYISDVGPPGR,No,ILHTLLASGEDALDFT*QESEPSYISDVGPPGR,3.33,,,,,,,,,,,
NUP93,Q8N1F7,159,ILHTLLASGEDALDFT*QESEPSYISDVGPPGR,Yes,ILHTLLAS*GEDALDFTQESEPSYISDVGPPGR,6.14,,,,,,,,,,,
POM121,Q96HA1,"229, 231, 235",QNSNS*QS*TPGS*SGQRK#,Yes,ENSS*T*DDNLKTDERK,9.34,8.7,,,,,,,,,,
RanBP2,P49792,"§2297, 2300",LNQSGTSVGTDEES*DVT*QEEER,No,LNQSGTSVGTDEES*DVT*QEEER,18.41,20.18,,,,,,,,,,
RANBP3,Q9H6Z4,"124, 133",T*SSLTQFPPS*QSEER,No,T*SSLTQFPPS*QSEER,20.35,22.62,,,,,,,,,,
RANBP3,Q9H6Z4,"125, 133",TS*SLTQFPPS*QSEER,Yes,TSS*LTQFPPS*QSEER,0.01,0,,,,,,,,,,
RANBP3,Q9H6Z4,"186, 211",ALS*QTVPSSGTNGVSLPADCTGAVPAAS*PDTAAWR,Yes,ALSQT*VPSSGTNGVSLPADCTGAVPAAS*PDTAAWR,0,27.04,,,,,,,,,,
TPR,P12270,2036,AADSQNSGEGNTGAAESSFS*QEVSR,No,AADSQNSGEGNTGAAESSFS*QEVSR,40.46,,,,,,,,,,,
TPR,P12270,"2020, 2033",AADS*QNSGEGNTGAAES*SFSQEVSR@,Yes,T*RNRSGMACKTTAT*ISSKRIVR,3.36,0,,,,,,,,,,
TPR,P12270,"2020, 2036",AADS*QNSGEGNTGAAESSFS*QEVSR,No,AADS*QNSGEGNTGAAESSFS*QEVSR,42.94,28.74,,,,,,,,,,
WTAP,Q15007,244,QQLAQYQQQQS*QASAPSTSR,No,QQLAQYQQQQS*QASAPSTSR,23.62,,,,,,,,,,,
,,,,,,,,,,,,,,,,,
Phosphatase,,,,,,,,,,,,,,,,,
EYA3,Q99504,266,LSSGDPSTSPSLS*QTTPSK,No,LSSGDPSTSPSLS*QTTPSK,24.75,,,,,,,,,,,
EYA3,Q99504,"264, 266",LSSGDPSTSPS*LS*QTTPSKDTDDQSR,Yes,LSSGDPSTS*PSLS*QTTPSKDTDDQSR,14.57,17.56,,,,,,,,,,
FRMPD2,NP_689641,"257, 259, 273",LSS*GS*VHSAADSSWPTTPS*QRGFLQR@RSK,Yes,LS*SGSVHS*AADSSWPT*TPSQRGFLQR@RSK,0,7.81,5.29,,,,,,,,,
MYPT1,O14974,§696,RST*QGVTLTDLQEAEK,No,RST*QGVTLTDLQEAEK,18.87,,,,,,,,,,,
Pnk1,Q9UNF8,"114, 118, 126",TPES*QPDT*PPGTPLVS*QDEKR,No,TPES*QPDT*PPGTPLVS*QDEKR,37.28,31.17,75.53,,,,,,,,,
Pnk1,Q9UNF8,"114, 122, 126",TPES*QPDTPPGT*PLVS*QDEKR,No,TPES*QPDTPPGT*PLVS*QDEKR,5.11,17.35,61.75,,,,,,,,,
Pnk1,Q9UNF8,"118, 122, 126",WEETRTPESQPDT*PPGT*PLVS*QDEKR,No,WEETRTPESQPDT*PPGT*PLVS*QDEKR,40.95,90.78,124.02,,,,,,,,,
Pnk1,Q9UNF8,"118, 126",TPESQPDT*PPGTPLVS*QDEKR,No,TPESQPDT*PPGTPLVS*QDEKR,46.63,65.92,,,,,,,,,,
PPM1G,O15355,183,SGGGTGEEPGS*QGLNGEAGPEDSTR,No,SGGGTGEEPGS*QGLNGEAGPEDSTR,50.58,,,,,,,,,,,
PPM1G,O15355,"183, 195, 201",SGGGTGEEPGS*QGLNGEAGPEDS*TRETPS*QENGPTAK,No,SGGGTGEEPGS*QGLNGEAGPEDS*TRETPS*QENGPTAK,2.34,7.71,15.18,,,,,,,,,
PPM1G,O15355,"183, 199",SGGGTGEEPGS*QGLNGEAGPEDSTRET*PSQENGPTAK,No,SGGGTGEEPGS*QGLNGEAGPEDSTRET*PSQENGPTAK,26.6,6.3,,,,,,,,,,
PPM1G,O15355,"183, 199, 201",SGGGTGEEPGS*QGLNGEAGPEDSTRET*PS*QENGPTAK,No,SGGGTGEEPGS*QGLNGEAGPEDSTRET*PS*QENGPTAK,20.65,8.75,16.14,,,,,,,,,
PPP1R12C,Q9BZL4,560,RST*QGVTLTDLK,No,RST*QGVTLTDLK,28.87,,,,,,,,,,,
PPP1R7,Q15435,12,GAGQQQS*QEMM#EVDR,Yes,GAGQQQS*QEMMEVDR,4.8,,,,,,,,,,,
PPP1R7,Q15435,12,GAGQQQS*QEMMEVDR,No,RFT*PT*T*IYPT*DR,,,,,,,,,,,,
PTPN14,Q15678,486,NLNIINTHAYNQPEDLVYS*QPEMR,No,NLNIINTHAYNQPEDLVYS*QPEMR,76.56,,,,,,,,,,,
PTPN21,Q16825,492,NLNIGSSYAYSRPAALVYS*QPEIR,No,NLNIGSSYAYSRPAALVYS*QPEIR,110.61,,,,,,,,,,,
SHIP,Q92835,"743, 753, 754",CYATLKTKS*QTKFYLEFHS*S*CLESFVK,Yes,CYATLKTKS*QTKFYLEFHS*SCLES*FVK,5.08,6.97,1.86,,,,,,,,,
,,,,,,,,,,,,,,,,,
Protease,,,,,,,,,,,,,,,,,
KLK3,P07288,"143, 167",VMDLPT*QEPALGTTCYASGWGSIEPEEFLT*PK,Yes,VMDLPT*QEPALGTTCYASGWGS*IEPEEFLTPK,22.01,3.55,,,,,,,,,,
PSMC1,P62191,4,MGQS*QSGGHGPGGGKK,No,MGQS*QSGGHGPGGGKK,23.34,,,,,,,,,,,
PSMD4,P55036,266,M#TIS*QQEFGR,No,M#TIS*QQEFGR,64.79,,,,,,,,,,,
USP34,Q70CQ2,37,HNTHPTIEDIST*QESNILGAFCDMNDVEVPLHLLR,No,HNTHPTIEDIST*QESNILGAFCDMNDVEVPLHLLR,0,,,,,,,,,,,
USP34,Q70CQ2,507,KLESQAGICLGDS*QGTSER,No,KLESQAGICLGDS*QGTSER,53.2,,,,,,,,,,,
,,,,,,,,,,,,,,,,,
"Protein kinase, atypical",,,,,,,,,,,,,,,,,
TIF1-beta,Q13263,440,QGSGSS*QPMEVQEGYGFGSGDDPYSSAEPHVSGVK,No,QGSGSS*QPMEVQEGYGFGSGDDPYSSAEPHVSGVK,0,,,,,,,,,,,
TIF1-beta,Q13263,§824,FSAVLVEPPPM#SLPGAGLSS*QELSGGPGDGP,No,FSAVLVEPPPM#SLPGAGLSS*QELSGGPGDGP,7.48,,,,,,,,,,,
,,,,,,,,,,,,,,,,,
Protein kinase; Ser/Thr (non-receptor),,,,,,,,,,,,,,,,,
BRDT,O14789,"196, 199, 201",TSISPLNVVQGAS*VNS*SS*QTAAQVTK#,Yes,LEDKS*S*T*AFGIRSWDFS*ALLMK,,,,,,,,,,,,
DNA-PK,P78527,"§2603, §2612",STVLT*PMFVETQAS*QGTLQTR,No,STVLT*PMFVETQAS*QGTLQTR,30.54,37.54,,,,,,,,,,
DNA-PK,P78527,§2609,STVLTPMFVET*QASQGTLQTR@,Yes,KLS*DKS*DS*ETESMSSES*SK,,,,,,,,,,,,
DNA-PK,P78527,§2612,STVLTPMFVETQAS*QGTLQTR,No,STVLTPMFVETQAS*QGTLQTR,61.06,,,,,,,,,,,
DNA-PK,P78527,"§2638, §2645, §2647",AT*QQQHDFT*LT*QTADGR,No,AT*QQQHDFT*LT*QTADGR,108.82,65.02,51.64,,,,,,,,,
DNA-PK,P78527,"§2645, §2647",ATQQQHDFT*LT*QTADGR,No,ATQQQHDFT*LT*QTADGR,18.11,10.36,,,,,,,,,,
DNA-PK,P78527,"2599, §2612",S*TVLTPMFVETQAS*QGTLQTR,Yes,STVLT*PMFVETQAS*QGTLQTR,0.18,21.11,,,,,,,,,,
NLK,Q9UBE8,286,HMT*QEVVTQYYR@,Yes,DPGGPSGS*PASFASATR,13.27,,,,,,,,,,,
SMG1,Q96Q15,3546,SNTGQKT*QPDVMSQNAR,No,SNTGQKT*QPDVMSQNAR,65.02,,,,,,,,,,,
SMG1,Q96Q15,"3546, 3552",SNTGQKT*QPDVMS*QNAR,No,SNTGQKT*QPDVMS*QNAR,65.02,155.77,,,,,,,,,,
STK33,Q9BYT3,"491, 493, 496",TPVT*PS*QGT*ATKYPAK,Yes,TPVTPS*QGT*ATKYPAK,10.33,6.66,,,,,,,,,,
VRK1,Q99986,378,EIEESKEPGVEDTEWSNT*QTEEAIQTR,No,EIEESKEPGVEDTEWSNT*QTEEAIQTR,28.22,,,,,,,,,,,
,,,,,,,,,,,,,,,,,
"Receptor, channel, transporter or cell surface protein",,,,,,,,,,,,,,,,,
ATP11C,Q8NB49,445,GVTQEVDGLS*QTDGTLTYFDKVDK,No,GVTQEVDGLS*QTDGTLTYFDKVDK,14.23,,,,,,,,,,,
ATP13A1,Q9HD20,935,DRLS*QVLRDLEDESTPIVK,No,DRLS*QVLRDLEDESTPIVK,53.71,,,,,,,,,,,
C10orf38,Q5VUB5,422,LSYSTS*QEFSSR,No,LSYSTS*QEFSSR,18.42,,,,,,,,,,,
CELSR3,Q9NYQ7,3060,IYAGGGTGSLS*QPASR,No,IYAGGGTGSLS*QPASR,15.5,,,,,,,,,,,
CLIC1,O00299,162,VLDNYLTSPLPEEVDETSAEDEGVS*QR,No,VLDNYLTSPLPEEVDETSAEDEGVS*QR,52.03,,,,,,,,,,,
KIAA0690,Q96E87,1049,ALS*QAAVEEEEEEEEEEEPAQGK,No,ALS*QAAVEEEEEEEEEEEPAQGK,N/A,,,,,,,,,,,
latrophilin 3,Q9HAR2,"814, 816, 821",RT*MT*GYWST*QGCR,No,RT*MT*GYWST*QGCR,18,20.62,16.57,,,,,,,,,
NHE-1,P19634,"787, 788",SKETSSPGTDDVFTPAPSDSPS*S*QR,No,SKETSSPGTDDVFTPAPSDSPS*S*QR,17.57,17.32,,,,,,,,,,
OGFR,Q9NZT2,420,IALNLEGCALS*QGSLR,No,IALNLEGCALS*QGSLR,73.31,,,,,,,,,,,
OGFR,Q9NZT2,428,TGT*QEVGGQDPGEAVQPCR,No,TGT*QEVGGQDPGEAVQPCR,13.24,,,,,,,,,,,
polycystin 2,Q13563,949,SSRPSSS*QSTEGM#EGAGGNGSSNVHV,Yes,SSRPS*SSQSTEGM#EGAGGNGSSNVHV,14.49,,,,,,,,,,,
RAIG1,Q8NFJ5,301,AYS*QEEITQGFEETGDTLYAPYSTHFQLQNQPPQK,No,AYS*QEEITQGFEETGDTLYAPYSTHFQLQNQPPQK,23.27,,,,,,,,,,,
SLC22A7,Q9Y694,"405, 409, 419",LT*QAGT*LLGTALAFGT*RLLVSSDMKSWSTVLAVMGK,Yes,LTQAGTLLGTALAFGT*RLLVSSDMKSWS*T*VLAVMGK,2.83,2.71,7.07,,,,,,,,,
SLC25A5,P05141,83,YFPT*QALNFAFK,No,YFPT*QALNFAFK,40.35,,,,,,,,,,,
STEAP1,Q9UHE8,337,INKTEICS*QL,No,INKTEICS*QL,37.25,,,,,,,,,,,
TMC2,Q8TDI7,842,EETTPPSAS*QSQAMDK,Yes,EETTPPSASQS*QAMDK,7.48,,,,,,,,,,,
TMEM154,Q6P9G4,"111, 112",TKQEPS*S*QGSQSALQTYELGSENVK,No,TKQEPS*S*QGSQSALQTYELGSENVK,2.82,3.51,,,,,,,,,,
TMEM164,Q5U3C3,"64, 74, 80",QT*KEDGRGSPGS*QPEQVT*QR,Yes,QTKEDGRGS*PGS*QPEQVT*QR,2.81,3.31,8.58,,,,,,,,,
TOR1AIP1,Q5JTV8,254,SSS*QYIESFWQSSQSQNFTAHDK,No,SSS*QYIESFWQSSQSQNFTAHDK,16.2,,,,,,,,,,,
,,,,,,,,,,,,,,,,,
RNA processing,,,,,,,,,,,,,,,,,
CARF,Q9NYH0,271,SVSSQSSSSVSS*QVTTAGSGK,Yes,SVSS*QSSSSVSSQVTTAGSGK,3.98,,,,,,,,,,,
GEMIN5,Q8TEQ6,1391,S*QLCKSTANGPDK,No,S*QLCKSTANGPDK,21.33,,,,,,,,,,,
HEAB,Q92989,344,VGAPTIPDSCLPLGMS*QEDNQLK,No,VGAPTIPDSCLPLGMS*QEDNQLK,98.83,,,,,,,,,,,
HSPC148,Q9P013,47,QTT*QDAPEEVR,No,QTT*QDAPEEVR,18.42,,,,,,,,,,,
LARP,O94836,1056,CPS*QSSSRPAAM#ISQPPTPPTGQPVR,No,CPS*QSSSRPAAM#ISQPPTPPTGQPVR,19.36,,,,,,,,,,,
LARP,O94836,"1056, 1071",CPS*QSSSRPAAM#ISQPPT*PPTGQPVR,No,CPS*QSSSRPAAM#ISQPPT*PPTGQPVR,10.09,9.44,,,,,,,,,,
LARP,O94836,"1058, 1067, 1071",CPSQS*SSRPAAMIS*QPPT*PPTGQPVR,Yes,CPSQSS*SRPAAMIS*QPPT*PPTGQPVR,14.01,31.06,24.78,,,,,,,,,
NCL,P19338,404,NLPYKVT*QDELK,No,NLPYKVT*QDELK,71.64,,,,,,,,,,,
POP1,Q99575,95,AGPEGTS*QEIPK,No,AGPEGTS*QEIPK,16.22,,,,,,,,,,,
POP4,O95707,10,SVIYHALS*QK,No,SVIYHALS*QK,82.16,,,,,,,,,,,
RALY,Q9UKM9,"§286, §288, §295",TRDDGDEEGLLT*HS*EEELEHS*QDTDADDGALQ,No,TRDDGDEEGLLT*HS*EEELEHS*QDTDADDGALQ,61.31,75.62,24.78,,,,,,,,,
RALY,Q9UKM9,"§286, §288, §295, §298",TRDDGDEEGLLT*HS*EEELEHS*QDT*DADDGALQ,No,TRDDGDEEGLLT*HS*EEELEHS*QDT*DADDGALQ,,,,,,,,,,,,
RALY,Q9UKM9,"§286, §295",TRDDGDEEGLLT*HSEEELEHS*QDTDADDGALQ,No,TRDDGDEEGLLT*HSEEELEHS*QDTDADDGALQ,8.68,9.79,,,,,,,,,,
RBM10 iso2,Q9BTE4,§517,AQPGAAPGIYQQSAEASSS*QGTAANSQSYTIM#SPAVLK,No,AQPGAAPGIYQQSAEASSS*QGTAANSQSYTIM#SPAVLK,0,,,,,,,,,,,
RBM10 iso2,Q9BTE4,§517,AQPGAAPGIYQQSAEASSS*QGTAANSQSYTIMSPAVLK,Yes,AQPGAAPGIYQQSAEASSSQGT*AANSQSYTIMSPAVLK,16.42,,,,,,,,,,,
RBM12B,Q8IXT5,391,DRPGHVSQKYS*QEGNSGQK,No,DRPGHVSQKYS*QEGNSGQK,11.64,,,,,,,,,,,
RBM16,Q9UPN6,"615, §617",SSEPVKETVQTT*QS*PTPVEK,No,SSEPVKETVQTT*QS*PTPVEK,48.87,29.85,,,,,,,,,,
RBM21,Q9H6E5,750,GHEAAQEWS*QGEAGK,No,GHEAAQEWS*QGEAGK,N/A,,,,,,,,,,,
RBM21,Q9H6E5,750,GHEAAQEWS*QGEAGK#,Yes,LS*AKIES*VTVYGNK,8.4,0,,,,,,,,,,
RBM34,P42696,99,NEEEESTSQIERPLS*QEPAK,No,NEEEESTSQIERPLS*QEPAK,85.21,,,,,,,,,,,
SFRS14,Q8IX01,7,RIT*QETFDAVLQEK,No,RIT*QETFDAVLQEK,64.54,,,,,,,,,,,
SFRS14,Q8IX01,940,SEGSTPADGLPGEAAEDDLAGAPALS*QASSGTCFPR@,Yes,ETVNHT*RDKVKPAIITKDSSPPS*SNKKET*K,6.05,4.23,14.24,,,,,,,,,
SFRS2IP,Q99590,§218,GGDPLEKQDQISGLS*QSEVK,No,GGDPLEKQDQISGLS*QSEVK,48.87,,,,,,,,,,,
SFRS8,Q12872,642,KPQLT*QEELEAK,No,KPQLT*QEELEAK,N/A,,,,,,,,,,,
snRNP 116,Q15029,§86,YYPTAEEVYGPEVETIVQEEDT*QPLTEPIIKPVK,No,YYPTAEEVYGPEVETIVQEEDT*QPLTEPIIKPVK,22.18,,,,,,,,,,,
SRm160,Q8IYB3,"§769, §773, §775",KPPAPPS*PVQS*QS*PSTNWSPAVPVKK,No,KPPAPPS*PVQS*QS*PSTNWSPAVPVKK,62.78,39.72,38.52,,,,,,,,,
SRm300,Q9UQ35,"§377, §383, §387, §398",HGGS*PQPLAT*TPLS*QEPVNPPSEAS*PTR,Yes,HGGS*PQPLATT*PLS*QEPVNPPSEASPT*R,,,,,,,,,,,,
SRm300,Q9UQ35,"§377, §383, §387, 395",HGGS*PQPLAT*TPLS*QEPVNPPS*EASPTR,Yes,HGGS*PQPLAT*T*PLSQEPVNPPSEAS*PTR,,,,,,,,,,,,
SRm300,Q9UQ35,"§377, §384, §387, §398",HGGS*PQPLATT*PLS*QEPVNPPSEAS*PTR,No,HGGS*PQPLATT*PLS*QEPVNPPSEAS*PTR,,,,,,,,,,,,
SRm300,Q9UQ35,"§377, §387, §398",HGGS*PQPLATTPLS*QEPVNPPSEAS*PTR,No,HGGS*PQPLATTPLS*QEPVNPPSEAS*PTR,78.49,45.15,25.21,,,,,,,,,
SRm300,Q9UQ35,"§377, §387, 395",HGGS*PQPLATTPLS*QEPVNPPS*EASPTR@,Yes,SGEYYRFHTPPDILSSKS*M#T*PT*AEK,3.38,1.67,0.91,,,,,,,,,
SRm300,Q9UQ35,"§377, §387, 395, §398",HGGS*PQPLATTPLS*QEPVNPPS*EAS*PTR,No,HGGS*PQPLATTPLS*QEPVNPPS*EAS*PTR,,,,,,,,,,,,
SRm300,Q9UQ35,"§383, §387, §398",HGGSPQPLAT*TPLS*QEPVNPPSEAS*PTR,No,HGGSPQPLAT*TPLS*QEPVNPPSEAS*PTR,17.12,74.41,27.04,,,,,,,,,
SRm300,Q9UQ35,"§384, §387, §398",HGGSPQPLATT*PLS*QEPVNPPSEAS*PTR,No,HGGSPQPLATT*PLS*QEPVNPPSEAS*PTR,14.01,48.85,11.56,,,,,,,,,
SRm300,Q9UQ35,"§387, §398",HGGSPQPLATTPLS*QEPVNPPSEAS*PTR,No,HGGSPQPLATTPLS*QEPVNPPSEAS*PTR,30.09,19.61,,,,,,,,,,
SRm300,Q9UQ35,"§387, 395, §398",HGGSPQPLATTPLS*QEPVNPPS*EAS*PTR,Yes,HGGSPQPLATT*PLSQEPVNPPS*EAS*PTR,9.05,19.85,11.56,,,,,,,,,
SSA2,P10155,19,QIANS*QDGYVWQVTDMNR,No,QIANS*QDGYVWQVTDMNR,97.16,,,,,,,,,,,
TAF15,Q92804,97,QSSYSQQPYNNQGQQQNMESSGS*QGGR,No,QSSYSQQPYNNQGQQQNMESSGS*QGGR,37.54,,,,,,,,,,,
TAF15,Q92804,"79, 97",QSSYS*QQPYNNQGQQQNMESSGS*QGGR,No,QSSYS*QQPYNNQGQQQNMESSGS*QGGR,26.79,34.46,,,,,,,,,,
,,,,,,,,,,,,,,,,,
Secreted protein,,,,,,,,,,,,,,,,,
GREM1,O60565,77,GTAMPGEEVLESS*QEALHVTER,No,GTAMPGEEVLESS*QEALHVTER,26.38,,,,,,,,,,,
IK,Q13123,485,WDFDT*QEEYSEYMNNK,No,WDFDT*QEEYSEYMNNK,42.81,,,,,,,,,,,
MFGE8,Q08431,42,NPCHNGGLCEEIS*QEVR,No,NPCHNGGLCEEIS*QEVR,N/A,,,,,,,,,,,
,,,,,,,,,,,,,,,,,
Transcriptional regulator,,,,,,,,,,,,,,,,,
53BP1,Q12888,105,VADPVDSSNLDTCGSIS*QVIEQLPQPNR,No,VADPVDSSNLDTCGSIS*QVIEQLPQPNR,31.51,,,,,,,,,,,
53BP1,Q12888,302,SPEPEVLST*QEDLFDQSNK,No,SPEPEVLST*QEDLFDQSNK,28.87,,,,,,,,,,,
53BP1,Q12888,580,FVPAENDSILMNPAQDGEVQLS*QNDDK,No,FVPAENDSILMNPAQDGEVQLS*QNDDK,196.7,,,,,,,,,,,
53BP1,Q12888,855,LDQELQQPQT*QEKTSNSLTEDSK,No,LDQELQQPQT*QEKTSNSLTEDSK,50.72,,,,,,,,,,,
53BP1,Q12888,1068,GNLLHFPSS*QGEEEKEKLEGDHTIR,No,GNLLHFPSS*QGEEEKEKLEGDHTIR,10.33,,,,,,,,,,,
53BP1,Q12888,§784,CSDS*QSWEDIAPEIEPCAENR@,Yes,VTQMST*S*T*LAVPQSQS*GKRPR,,,,,,,,,,,,
53BP1,Q12888,"1094, 1101, 1104",QSQQPMKPIS*PVKDPVS*PAS*QK,No,QSQQPMKPIS*PVKDPVS*PAS*QK,38.63,90.11,115.13,,,,,,,,,
53BP1,Q12888,"1101, 1104",QSQQPMKPISPVKDPVS*PAS*QK,No,QSQQPMKPISPVKDPVS*PAS*QK,48.35,68.76,,,,,,,,,,
53BP1,Q12888,"523, §525",LM#LSTSEYS*QS*PK,No,LM#LSTSEYS*QS*PK,21.99,34.46,,,,,,,,,,
53BP1,Q12888,"543, §552",IDEDGENT*QIEDTEPMS*PVLNSK,No,IDEDGENT*QIEDTEPMS*PVLNSK,57.52,60.12,,,,,,,,,,
53BP1,Q12888,"566, 580",FVPAENDS*ILMNPAQDGEVQLS*QNDDKTK,No,FVPAENDS*ILMNPAQDGEVQLS*QNDDKTK,83.33,12.76,,,,,,,,,,
53BP1,Q12888,"855, 859",LDQELQQPQT*QEKT*SNSLTEDSK,No,LDQELQQPQT*QEKT*SNSLTEDSK,29.67,2.81,,,,,,,,,,
53BP1,Q12888,"855, 860",LDQELQQPQT*QEKTS*NSLTEDSK,No,LDQELQQPQT*QEKTS*NSLTEDSK,70.6,5.29,,,,,,,,,,
53BP1,Q12888,"855, 860, 862",LDQELQQPQT*QEKTS*NS*LTEDSK,No,LDQELQQPQT*QEKTS*NS*LTEDSK,33.2,10.33,14.67,,,,,,,,,
53BP1,Q12888,"855, 862",LDQELQQPQT*QEKTSNS*LTEDSK,No,LDQELQQPQT*QEKTSNS*LTEDSK,65.92,17.95,,,,,,,,,,
Bcl-9,O00512,352,APPPPPVSSGEPPTLGENPDGLS*QEQLEHR,No,APPPPPVSSGEPPTLGENPDGLS*QEQLEHR,38.18,,,,,,,,,,,
BMAL1,O00327,35,NAREAHS*QIEK#RRR,Yes,IRTTASTNMNAS*S*S*R,3.63,7.52,6.89,,,,,,,,,
CBP,Q92793,124,SPLS*QGDSSAPSLPK,No,SPLS*QGDSSAPSLPK,25.78,,,,,,,,,,,
CBP,Q92793,1578,K#K#EESTAASETTEGS*QGDSK#,Yes,K@K@EESTAASETTEGS*QGDSK@,25.13,,,,,,,,,,,
CUTL1,P39880,734,QAPLS*QSDITILTPK,No,QAPLS*QSDITILTPK,19.27,,,,,,,,,,,
CUTL1,P39880,1312,ELFIEEIQAGS*QGQAGASDSPSAR,No,ELFIEEIQAGS*QGQAGASDSPSAR,68.83,,,,,,,,,,,
CUTL1,P39880,1357,AAPSSEGDSCDGVEATEGPGSADTEEPK#S*QGEAER@,Yes,AAPSSEGDSCDGVEATEGPGSADTEEPK@S*QGEAER@,31.51,,,,,,,,,,,
Daxx,Q9UER7,424,LQGTSSHSADTPEASLDSGEGPSGMAS*QGCPSASR,No,LQGTSSHSADTPEASLDSGEGPSGMAS*QGCPSASR,26.62,,,,,,,,,,,
DDX17,Q59F66,676,SS*QSSSQQFSGIGR,No,SS*QSSSQQFSGIGR,0,,,,,,,,,,,
DDX17,Q59F66,676,SS*QSSSQQFSGIGR@,Yes,PSHSSNNSSSSKS*R,13.27,,,,,,,,,,,
ELL,P55199,561,QLS*QGSEEYETTR,No,QLS*QGSEEYETTR,49.62,,,,,,,,,,,
FBP3,Q92946,597,QQVAFYGQTLGQAQAHS*QEQ,No,QQVAFYGQTLGQAQAHS*QEQ,62.18,,,,,,,,,,,
FOXJ2,Q9P0K8,161,HPPDDDLS*QDSPEQEASK,No,HPPDDDLS*QDSPEQEASK,54.73,,,,,,,,,,,
FOXJ2,Q9P0K8,"161, 164",HPPDDDLS*QDS*PEQEASK,No,HPPDDDLS*QDS*PEQEASK,96.06,61.54,,,,,,,,,,
FOXJ2,Q9P0K8,"161, 164, 172",RHPPDDDLS*QDS*PEQEASKS*PR,No,RHPPDDDLS*QDS*PEQEASKS*PR,81.37,54.65,23.24,,,,,,,,,
FOXJ2,Q9P0K8,"161, 172",HPPDDDLS*QDSPEQEASKS*PR,No,HPPDDDLS*QDSPEQEASKS*PR,20.57,31.87,,,,,,,,,,
FOXJ2,Q9P0K8,"161, 172",RHPPDDDLS*QDSPEQEASKS*PR,No,RHPPDDDLS*QDSPEQEASKS*PR,20.57,23.24,,,,,,,,,,
HBXAP,Q96T23,514,DADSSISVLEIHS*QK,No,DADSSISVLEIHS*QK,34.68,,,,,,,,,,,
ILF2,Q12905,388,EGEEEEENTEEPPQGEEEESMET*QE,No,EGEEEEENTEEPPQGEEEESMET*QE,56.04,,,,,,,,,,,
KIAA0252,Q92541,245,KLT*QIQESQVTSHNK,No,KLT*QIQESQVTSHNK,76.1,,,,,,,,,,,
MBD1,Q9UIS9,505,QEKADT*QDEWTPGTAVLTSPVLVPGCPSK,No,QEKADT*QDEWTPGTAVLTSPVLVPGCPSK,22.05,,,,,,,,,,,
MCEF,Q9UHB7,499,VSPASSVDSNIPSS*QGYKK,No,VSPASSVDSNIPSS*QGYKK,6.9,,,,,,,,,,,
MCEF,Q9UHB7,836,TIS*QSSSLK,No,TIS*QSSSLK,37.41,,,,,,,,,,,
MCEF,Q9UHB7,"487, 499",VNPHKVS*PASSVDSNIPSS*QGYKK,Yes,VNPHKVSPAS*SVDSNIPSS*QGYKK,5.29,10.33,,,,,,,,,,
MCEF,Q9UHB7,"490, 491, 499",VNPHKVSPAS*S*VDSNIPSS*QGYKK,Yes,VNPHKVS*PASS*VDSNIPSS*QGYKK,4.45,21.3,8.63,,,,,,,,,
MCEF,Q9UHB7,"491, 499",VNPHKVSPASS*VDSNIPSS*QGYKK,Yes,VNPHKVS*PASSVDSNIPSS*QGYKK,5.97,5.88,,,,,,,,,,
MEN1,O00255,399,EAASLLEAGEERPGEQS*QGTQSQGSALQDPECFAHLLR,No,EAASLLEAGEERPGEQS*QGTQSQGSALQDPECFAHLLR,15.77,,,,,,,,,,,
MIER1 N1-beta,Q8N108,165,DSSGQEDETQSSNDDPSQSVAS*QDAQEIIRPR,Yes,DSSGQEDETQSSNDDPSQS*VASQDAQEIIRPR,9.44,,,,,,,,,,,
MYST2,O95251,"45, 53",S*SAR@LSQSS*QDSSPVR@,Yes,LNS*S*SS*SSSNSS*NER,,,,,,,,,,,,
MYST2,O95251,"50, 52",SSARLS*QS*SQDSSPVR,No,SSARLS*QS*SQDSSPVR,25.95,30.83,,,,,,,,,,
MYST2,O95251,"50, 52, 57",SSARLS*QS*SQDSS*PVR,Yes,SSARLS*QS*SQDS*SPVR,12.09,7.93,16.22,,,,,,,,,
MYST2,O95251,"50, 53",SSARLS*QSS*QDSSPVR,Yes,SSARLSQS*S*QDSSPVR,5.88,10.74,,,,,,,,,,
MYST2,O95251,"50, 53, 57",SSARLS*QSS*QDSS*PVRNLQSFGTEEPAYSTR,Yes,SSARLS*QS*S*QDSSPVRNLQSFGTEEPAYSTR,17.01,8.7,9.87,,,,,,,,,
MYST2,O95251,"50, 57",SSARLS*QSSQDSS*PVR,No,SSARLS*QSSQDSS*PVR,13.27,20.05,,,,,,,,,,
MYST2,O95251,"52, 53, 57",SSARLSQS*S*QDSS*PVR,No,SSARLSQS*S*QDSS*PVR,21.3,26.79,28.87,,,,,,,,,
MYST2,O95251,"53, 57",SSARLSQSS*QDSS*PVR,Yes,SSARLSQS*SQDS*SPVR,6.47,10.28,,,,,,,,,,
NCoA2,Q15596,716,DLS*QESSSTAPGSEVTIK,No,DLS*QESSSTAPGSEVTIK,43.47,,,,,,,,,,,
NFAT90,Q12906,877,QGGYSQSNYNSPGSGQNYSGPPSSYQSS*QGGYGR,No,QGGYSQSNYNSPGSGQNYSGPPSSYQSS*QGGYGR,14.49,,,,,,,,,,,
NFI-A,Q12857,"§300, 305",S*PGSGS*QSSGWHEVEPGMPSPTTLK,No,S*PGSGS*QSSGWHEVEPGMPSPTTLK,19.84,15.18,,,,,,,,,,
NFI-A,Q12857,"§300, 305, §319",S*PGSGS*QSSGWHEVEPGMPS*PTTLKK,No,S*PGSGS*QSSGWHEVEPGMPS*PTTLKK,21.27,29.64,10.97,,,,,,,,,
NOT2,Q9NZN8,101,SLS*QGTQLPSHVTPTTGVPTMSLHTPPSPSR,No,SLS*QGTQLPSHVTPTTGVPTMSLHTPPSPSR,0,,,,,,,,,,,
NOT2,Q9NZN8,101,SLS*QGTQLPSHVTPTTGVPTMSLHTPPSPSR,Yes,SLSQGTQLPS*HVTPTTGVPTMSLHTPPSPSR,5.97,,,,,,,,,,,
PELP1,O15450,1187,GADTAPTLAPEALPS*QGEVER,No,GADTAPTLAPEALPS*QGEVER,52.58,,,,,,,,,,,
POLR3A,O14802,"1046, 1049",DKYMRAQMEPGSAVGALCAQSIGEPGT*QMT*LK,Yes,DKYMRAQMEPGSAVGALCAQS*IGEPGTQMT*LK,8.74,3.7,,,,,,,,,,
PPARBP,Q15648,1134,LSSSMYSS*QGSSGSSQSK,No,LSSSMYSS*QGSSGSSQSK,24.44,,,,,,,,,,,
RBBP5,Q15291,525,VQAELS*QPLTAGGAISELL,No,VQAELS*QPLTAGGAISELL,56.24,,,,,,,,,,,
SRC-1,Q15788,"565, 566, §569, 582",QMS*S*QNS*PSRLNIQPAKAES*K,No,QMS*S*QNS*PSRLNIQPAKAES*K,,,,,,,,,,,,
SSRP1,Q08945,170,FYVPPT*QEDGVDPVEAFAQNVLSK,No,FYVPPT*QEDGVDPVEAFAQNVLSK,80.41,,,,,,,,,,,
TAF1C,Q15572,"848, 856, 857, 858",ATRS*QQHTPVLS*S*S*QPLRKKPR,No,ATRS*QQHTPVLS*S*S*QPLRKKPR,,,,,,,,,,,,
TCEAL3,Q969E4,§65,EDEGEPGDEGQLEDEGS*QEK,No,EDEGEPGDEGQLEDEGS*QEK,N/A,,,,,,,,,,,
TFIIF,P13984,142,LQIEESSKPVRLS*QQLDK,No,LQIEESSKPVRLS*QQLDK,58.6,,,,,,,,,,,
TFIIIC-alpha,Q12789,§739,TSQPPVPQGEAEEDS*QGKEGPSGSGDSQLSASSR,No,TSQPPVPQGEAEEDS*QGKEGPSGSGDSQLSASSR,76.42,,,,,,,,,,,
TFIIIC-alpha,Q12789,"§739, 746",TSQPPVPQGEAEEDS*QGKEGPS*GSGDSQLSASSR,No,TSQPPVPQGEAEEDS*QGKEGPS*GSGDSQLSASSR,3.47,4.42,,,,,,,,,,
TFIIIC-alpha,Q12789,"§739, 751",TSQPPVPQGEAEEDS*QGKEGPSGSGDS*QLSASSR,No,TSQPPVPQGEAEEDS*QGKEGPSGSGDS*QLSASSR,67.06,19.27,,,,,,,,,,
TFIIIC-alpha,Q12789,"§739, 751, 756",TSQPPVPQGEAEEDS*QGKEGPSGSGDS*QLSAS*SR,Yes,TSQPPVPQGEAEEDS*QGKEGPSGSGDS*QLS*ASSR,22.47,4.4,3.88,,,,,,,,,
TRAP150,Q9Y2W1,§211,DSRPSQAAGDNQGDEVKEQTFSGGTS*QDTK,No,DSRPSQAAGDNQGDEVKEQTFSGGTS*QDTK,27.7,,,,,,,,,,,
TRAP150,Q9Y2W1,"190, §211",DSRPS*QAAGDNQGDEVKEQTFSGGTS*QDTK,Yes,DSRPS*QAAGDNQGDEVKEQTFS*GGTSQDTK,28.34,2.63,,,,,,,,,,
treacle,Q13428,1333,GSLGS*QGAKDEPEEELQK,No,GSLGS*QGAKDEPEEELQK,24.41,,,,,,,,,,,
UBF,P17480,23,GQDRWS*QEDMLTLLECMK,No,GQDRWS*QEDMLTLLECMK,36.52,,,,,,,,,,,
YAP1,P46937,321,SQLPTLEQDGGTQNPVSSPGMS*QELR,No,SQLPTLEQDGGTQNPVSSPGMS*QELR,81.59,,,,,,,,,,,
YAP1,P46937,"317, 321",SQLPTLEQDGGTQNPVSS*PGM#S*QELR,No,SQLPTLEQDGGTQNPVSS*PGM#S*QELR,52.75,85.93,,,,,,,,,,
ZNF264,O43296,80,KEDLS*QDTCPGDKGKPK,No,KEDLS*QDTCPGDKGKPK,18.52,,,,,,,,,,,
ZNF281,Q9Y2X9,395,GATSAEPGSSNHTNMGNLAVLS*QGNTSSSR,No,GATSAEPGSSNHTNMGNLAVLS*QGNTSSSR,26.34,,,,,,,,,,,
ZNF281,Q9Y2X9,785,NLETSSAFQSSS*QK,No,NLETSSAFQSSS*QK,32.4,,,,,,,,,,,
ZNF281,Q9Y2X9,807,NLESSTGFQIPS*QELASQIDPQKDIEPR,No,NLESSTGFQIPS*QELASQIDPQKDIEPR,39.12,,,,,,,,,,,
ZNF318,Q5VUA4,27,YIS*QEEGPLSPFLGQLDEDYR,No,YIS*QEEGPLSPFLGQLDEDYR,74.52,,,,,,,,,,,
ZNF318,Q5VUA4,"27, 34",YIS*QEEGPLS*PFLGQLDEDYR,No,YIS*QEEGPLS*PFLGQLDEDYR,84.08,78.07,,,,,,,,,,
ZSCAN5,Q49A73,308,SKPDASSIS*QEEPQGEATPVGNR,No,SKPDASSIS*QEEPQGEATPVGNR,14.96,,,,,,,,,,,
ZSCAN5,Q49A73,422,QFT*QKSYLKCHK,No,QFT*QKSYLKCHK,15.23,,,,,,,,,,,
,,,,,,,,,,,,,,,,,
Translational regulator,,,,,,,,,,,,,,,,,
CGI-09,Q9UJA5,107,SQKLT*QDDIK,No,SQKLT*QDDIK,88.83,,,,,,,,,,,
CGI-09,Q9UJA5,325,QASEQENEDSMAEAPESNHPEDQETMETIS*QDPEHK,No,QASEQENEDSMAEAPESNHPEDQETMETIS*QDPEHK,14.04,,,,,,,,,,,
eIF2B,P20042,31,KPFMLDEEGDT*QTEETQPSETK,No,KPFMLDEEGDT*QTEETQPSETK,37.25,,,,,,,,,,,
S6,P62753,"§235, §236, §240, §247",RLS*S*LRAS*TSKSESS*QK,No,RLS*S*LRAS*TSKSESS*QK,,,,,,,,,,,,
S6,P62753,"§235, §240, §241, §247",LS*SLRAS*T*SKSESS*QK,No,LS*SLRAS*T*SKSESS*QK,,,,,,,,,,,,
S6,P62753,"§236, §240, §242, §247",RLSS*LRAS*TS*KSESS*QK,Yes,RLSS*LRAS*TSKS*ESS*QK,,,,,,,,,,,,
S6,P62753,"§236, §240, §246, §247",LSS*LRAS*TSKSES*S*QK,No,LSS*LRAS*TSKSES*S*QK,,,,,,,,,,,,
S6,P62753,"§236, §242, §244, §247",RLSS*LRASTS*KS*ESS*QK,Yes,RLSS*LRAST*SKS*ESS*QK,,,,,,,,,,,,
,,,,,,,,,,,,,,,,,
Transporter; active,,,,,,,,,,,,,,,,,
ATP6V1C1,P21283,361,HLDSSAAAIIDAPMDIPGLNLS*QQEYYPYVYYK,No,HLDSSAAAIIDAPMDIPGLNLS*QQEYYPYVYYK,71.17,,,,,,,,,,,
,,,,,,,,,,,,,,,,,
Tumor suppressor,,,,,,,,,,,,,,,,,
SASH1,O94885,90,RVS*QDLEVEKPDASPTSLQLR,No,RVS*QDLEVEKPDASPTSLQLR,90.5,,,,,,,,,,,
SASH1,O94885,"90, 101",RVS*QDLEVEKPDAS*PTSLQLR,No,RVS*QDLEVEKPDAS*PTSLQLR,103.45,22.87,,,,,,,,,,
,,,,,,,,,,,,,,,,,
Ubiquitin conjugating system,,,,,,,,,,,,,,,,,
BAP1,Q92560,"583, 592, 596",GSS*PSIRPIQGS*QGSS*SPVEK,Yes,GSS*PSIRPIQGS*QGSSS*PVEK,0.18,16.57,8.65,,,,,,,,,
BAP1,Q92560,"592, 596",GSSPSIRPIQGS*QGSS*SPVEK,Yes,GSSPSIRPIQGS*QGS*SSPVEK,7.65,0,,,,,,,,,,
BAP1,Q92560,"592, 597",GSSPSIRPIQGS*QGSSS*PVEK,No,GSSPSIRPIQGS*QGSSS*PVEK,24.24,13.24,,,,,,,,,,
CCDC86,Q9H6F5,128,CQPKPSEEAPKCS*QDQGVLASELAQNK,No,CQPKPSEEAPKCS*QDQGVLASELAQNK,28.58,,,,,,,,,,,
DCUN1D1,Q96GG9,31,TAVSCLS*QNDWK,No,TAVSCLS*QNDWK,61.06,,,,,,,,,,,
HYD,O95071,1549,RIS*QSQPVR,No,RIS*QSQPVR,24.84,,,,,,,,,,,
MARCH7,Q53GQ1,"238, 243, 245",SNT*QPGFS*YS*SSR@,Yes,SNKSS*WS*S*S*DEK,,,,,,,,,,,,
MUF1,Q15345,305,RST*QESLTAGGTDLKR,No,RST*QESLTAGGTDLKR,33.59,,,,,,,,,,,
NOT4,O95628,71,KPYPEDPAVYKPLS*QEELQR,No,KPYPEDPAVYKPLS*QEELQR,76.11,,,,,,,,,,,
RNF40,O75150,127,CHESQGELSSAPEAPGT*QEGPTCDGTPLPEPGTSELR,No,CHESQGELSSAPEAPGT*QEGPTCDGTPLPEPGTSELR,19.59,,,,,,,,,,,
UBE3A,Q05086,218,IGDSS*QGDNNLQK,No,IGDSS*QGDNNLQK,26.38,,,,,,,,,,,
UBLE1A,Q9UBE0,185,VAKVS*QGVEDGPDTK,No,VAKVS*QGVEDGPDTK,84.7,,,,,,,,,,,
UBXD2,Q92575,§489,LRT*QDDGEDENNTWNGNSTQQM,No,LRT*QDDGEDENNTWNGNSTQQM,151.17,,,,,,,,,,,
UREB1,Q7Z6Z7,485,IQRPNTT*QEGEEMETDMDGVQCIPQR,No,IQRPNTT*QEGEEMETDMDGVQCIPQR,9.82,,,,,,,,,,,
UREB1,Q7Z6Z7,2391,SGEDESQEDVLMDEAPSNLS*QASTLQANR,No,SGEDESQEDVLMDEAPSNLS*QASTLQANR,31.87,,,,,,,,,,,
UREB1,Q7Z6Z7,3377,ACSPCSS*QSSSSGICTDFWDLLVK,No,ACSPCSS*QSSSSGICTDFWDLLVK,10.91,,,,,,,,,,,
UREB1,Q7Z6Z7,"2372, 2391",S*GEDESQEDVLMDEAPSNLS*QASTLQANR,Yes,SGEDES*QEDVLMDEAPSNLSQAST*LQANR,10.22,9.82,,,,,,,,,,
UREB1,Q7Z6Z7,"2377, 2391",SGEDES*QEDVLMDEAPSNLS*QASTLQANR,No,SGEDES*QEDVLMDEAPSNLS*QASTLQANR,14.67,26.38,,,,,,,,,,
USP36,Q9P275,1051,MSAVS*QDAIEDSR,No,MSAVS*QDAIEDSR,41.33,,,,,,,,,,,
,,,,,,,,,,,,,,,,,
Vesicle protein,,,,,,,,,,,,,,,,,
COG1,Q8WTW3,657,VKT*QEIIPTQAK,No,VKT*QEIIPTQAK,58.88,,,,,,,,,,,
EEA1,Q15075,15,VGS*QGSDLDSSATPINTVDVNNESSSEGFICPQCM#K,No,VGS*QGSDLDSSATPINTVDVNNESSSEGFICPQCM#K,10.69,,,,,,,,,,,
ICA1,Q05084,100,FLRS*QGFQDK,No,FLRS*QGFQDK,N/A,,,,,,,,,,,
KIAA0528,Q86YS7,339,QQT*QSALEQR,No,QQT*QSALEQR,43.03,,,,,,,,,,,
SNX25,Q3ZT30,410,EEEKHAS*QMISNK,No,EEEKHAS*QMISNK,16.09,,,,,,,,,,,
SNX26,O14559,"552, 558, 560",T*QGR@LGT*PT*EPTTPK,Yes,SRTVT*KT*KASDGYTR,1.97,3.43,,,,,,,,,,
SNX29,Q8TEQ0,"199, 202",GPVPGDLS*QTS*EDQSLSDFEISNR,No,GPVPGDLS*QTS*EDQSLSDFEISNR,2.97,7.48,,,,,,,,,,
VPS45A,Q53FR8,"559, 560, 563",SK#ES*S*QVT*SRSASR,Yes,VPGPSKSS*SAGGS*S*RR,0,3.51,3.03,,,,,,,,,
,,,,,,,,,,,,,,,,,
Unknown function,,,,,,,,,,,,,,,,,
384D8_6,Q13391,§420,FVQETELS*QR,No,FVQETELS*QR,68.56,,,,,,,,,,,
AHDC1,NP_001025053,829,GSYYSTGAPSGQTELS*QER,No,GSYYSTGAPSGQTELS*QER,37.92,,,,,,,,,,,
ALO17,Q8IWF4,217,GLS*QEGTGPPTSAGEGHSR,No,GLS*QEGTGPPTSAGEGHSR,67.94,,,,,,,,,,,
alphaSNBP(A),Q8ND56,"§178, §183",TQLS*QGRSS*PQLDPLR,Yes,TQLS*QGRS*SPQLDPLR,13.89,13.24,,,,,,,,,,
alphaSNBP(A),Q8ND56,"175, §182",T*QLSQGRS*SPQLDPLR,Yes,TQLSQGRS*S*PQLDPLR,10.36,9.44,,,,,,,,,,
alphaSNBP(A),Q8ND56,"175, §183",T*QLSQGRSS*PQLDPLRK,No,T*QLSQGRSS*PQLDPLRK,13.27,22.85,,,,,,,,,,
ataxin-3,P54252,265,NIS*QDMTQTSGTNLTSEELR,No,NIS*QDMTQTSGTNLTSEELR,101.06,,,,,,,,,,,
Bcl-9L,Q86UU0,"938, 942, 946",SPTLS*QVHS*PLVT*SPSANLK#,Yes,SLSLPCS*GS*S*TPCAPS*ARR,,,,,,,,,,,,
C10orf6,Q8IX21,444,MQKPHLPLS*QEK,No,MQKPHLPLS*QEK,N/A,,,,,,,,,,,
C11orf48,Q9BQE6,287,TPPADPACPEREDSHGSGSPFKAS*QD,No,TPPADPACPEREDSHGSGSPFKAS*QD,33,,,,,,,,,,,
C13orf7,Q5W0B1,571,SLDLDGLSKSS*QGSEFLEEPDKLEEK,Yes,SLDLDGLSKSSQGS*EFLEEPDKLEEK,4.45,,,,,,,,,,,
C13orf7,Q5W0B1,"568, 571",SLDLDGLS*KSS*QGSEFLEEPDKLEEK,No,SLDLDGLS*KSS*QGSEFLEEPDKLEEK,8.3,6.72,,,,,,,,,,
C17orf39,Q8IVV7,"11, 25",MCARGQVGRGT*QLRTGRPCSQVPGS*RWR@,Yes,T*LLSHIKSLT*DEGVPCHYRGGT*FSALKR,7.81,15.84,0,,,,,,,,,
C20orf112,Q96MY1,295,LEIYQSS*QDEPIALDK,Yes,LEIYQS*SQDEPIALDK,11.51,,,,,,,,,,,
C21orf123,Q8N8W7,"73, 80, 81",FS*NLINSMT*S*QDGLLTR,No,FS*NLINSMT*S*QDGLLTR,23.1,8.65,7.04,,,,,,,,,
CCDC38,Q502W7,"289, 298",DS*QGKPSRSLT*R,No,DS*QGKPSRSLT*R,50.15,10.33,,,,,,,,,,
COBLL1,Q9Y2I3,"518, 521",VEAENIS*PKS*QDIPFVSTDIINTLK,No,VEAENIS*PKS*QDIPFVSTDIINTLK,49.01,48.17,,,,,,,,,,
CTA-221G9.4,Q9BY89,774,QLS*QEVTPADLECGLEGQAGSVQR,No,QLS*QEVTPADLECGLEGQAGSVQR,19.88,,,,,,,,,,,
DEFB123,Q8N688,"9, 15, 22",MKLLLLTLT*VLLLLS*QLTPGGT*QR,No,MKLLLLTLT*VLLLLS*QLTPGGT*QR,11.01,13.54,5.73,,,,,,,,,
DENND2A,Q9ULE3,534,RLS*QSMESNSGK,No,RLS*QSMESNSGK,30.7,,,,,,,,,,,
DHX37,Q8IY37,91,EKKS*QRAEM#LQK,No,EKKS*QRAEM#LQK,N/A,,,,,,,,,,,
DKFZp686L1814,Q6MZP7,274,VLS*QSTPGTPSK,No,VLS*QSTPGTPSK,15.5,,,,,,,,,,,
DKFZp779O175,NP_001032309,"125, 130",HFS*QVIIT*R,No,HFS*QVIIT*R,N/A,N/A,,,,,,,,,,
ELYS iso 2,Q8IZA4,1833,GLS*QNQQIPQNSVTPR,No,GLS*QNQQIPQNSVTPR,99.15,,,,,,,,,,,
FEZ2,Q9UHY8,195,LSMLS*QEIQTLK,No,LSMLS*QEIQTLK,41.04,,,,,,,,,,,
FLJ14525,Q9H425,"129, 134, 150",S*QMEFS*ISALSIQEPSNGTAAS*EPRPLSK,Yes,S*QMEFS*ISALSIQEPSNGTAASEPRPLS*K,5.65,3.12,2.27,,,,,,,,,
FLJ21128,Q96F86,"125, §131",RTDVKS*QDVAVS*PQQQQCSK,No,RTDVKS*QDVAVS*PQQQQCSK,14.4,29.14,,,,,,,,,,
FLJ21816,Q86YC2,376,NENLQESEILS*QPK,No,NENLQESEILS*QPK,51.17,,,,,,,,,,,
FLJ21908,Q9H6T3,"116, 119, 121",ILDELDKDDSTHESLS*QES*ES*EEDGIHVDSQK,No,ILDELDKDDSTHESLS*QES*ES*EEDGIHVDSQK,24.21,40.98,31.59,,,,,,,,,
FLJ22626,Q8N5F7,64,NGLTHQLGGLS*QGSR,No,NGLTHQLGGLS*QGSR,79.13,,,,,,,,,,,
FLJ23518,Q8N4S0,154,QTGQIIEDDQEKHLS*QEDNDLNK,No,QTGQIIEDDQEKHLS*QEDNDLNK,44.87,,,,,,,,,,,
FLJ23518,Q8N4S0,§131,HLS*QEDNDLNK#QTGQIIEDDQEK#,Yes,ESNHTSGGS*VLVKS*VGVPSNTSCDGR,6.15,3.93,,,,,,,,,,
FLJ23518,Q8N4S0,§131,NIDLQDQEKHLS*QEDNDLNK,No,NIDLQDQEKHLS*QEDNDLNK,N/A,,,,,,,,,,,
FLJ23518,Q8N4S0,§131,HLS*QEDNDLNK,No,HLS*QEDNDLNK,N/A,,,,,,,,,,,
FLJ23518,Q8N4S0,§131,HLS*QEDNDLNK#,Yes,GPAGTPGLS*GRS*GK,7.53,11.27,,,,,,,,,,
FLJ30655,Q96NL6,656,RLS*QAEER,No,RLS*QAEER,N/A,,,,,,,,,,,
FLJ32312,Q3MIT2,84,LQELEDSIDNLS*QNGEGR,No,LQELEDSIDNLS*QNGEGR,126.68,,,,,,,,,,,
FLJ46321,NP_001001670,"1150, 1155, 1162",KTFPVT*NALQS*QTRNNLTTSKSGSCS*LTNVK,Yes,KTFPVT*NALQS*QTRNNLT*TSKSGSCSLTNVK,22.16,0,7.71,,,,,,,,,
FLJ90086,XP_371820,"474, 478",PAS*QEVS*TPSQAR@,Yes,S*LEGT*VT*ESKTK,13.64,7.53,2.97,,,,,,,,,
GATM,P50440,"38, 39, 46",TFQS*T*QAATASS*R@,Yes,TM#KPAATTT*EPTTR,6.9,,,,,,,,,,,
hCG1784313,EAX00135,"375, 385",SVAFSPDGS*QLALGMKDGS*FIVLRVR,Yes,PM#M#QPQVS*SQQGFLNAQMVAQRS*R,5.29,38.47,,,,,,,,,,
hCG2002450,EAW51259,"95, 97, 100, 103",ENVMRSENS*ES*QLT*SKS*KCKDLK,Yes,ENVMRSENSES*QLT*S*KS*KCKDLK,,,,,,,,,,,,
HRBL,O95081,451,LGQRPLS*QPAGISTNPFM#TGPSSSPFASKPPTTNPFL,No,LGQRPLS*QPAGISTNPFM#TGPSSSPFASKPPTTNPFL,39.57,,,,,,,,,,,
KIAA0056,P42695,904,IFLLIQSVLASSADADHSPSS*QGSSEAPASQPPPQVR,No,IFLLIQSVLASSADADHSPSS*QGSSEAPASQPPPQVR,6.66,,,,,,,,,,,
KIAA0256,Q93073,"1019, 1022, 1024",IES*WVS*ET*QR,No,IES*WVS*ET*QR,N/A,N/A,N/A,,,,,,,,,
KIAA0794,O94888,306,ASLQETHFDST*QTK,No,ASLQETHFDST*QTK,21.51,,,,,,,,,,,
KIAA0889,O94964,"259, 263, 268, 271",ST*SSQT*VGLAS*VGT*QTIR,Yes,STSS*QT*VGLASVGT*QT*IR,,,,,,,,,,,,
KIAA1542,Q9P1Y6,"922, 930",GAVAAEGASDT*EREEPTES*QGLAAR,No,GAVAAEGASDT*EREEPTES*QGLAAR,10.36,17.99,,,,,,,,,,
KIAA1671,Q9BY89,774,DRQLS*QEVTPADLECGLEGQAGSVQR,No,DRQLS*QEVTPADLECGLEGQAGSVQR,30.34,,,,,,,,,,,
KIAA1794,Q96ST0,699,LKGQVSQETLSEEASS*QATLPNQPVEK,No,LKGQVSQETLSEEASS*QATLPNQPVEK,13.27,,,,,,,,,,,
KLHDC5,Q9P2K6,43,EALS*QEAGGPEVQQLR,No,EALS*QEAGGPEVQQLR,N/A,,,,,,,,,,,
KLHDC5,Q9P2K6,43,EALS*QEAGGPEVQQLR,Yes,RELM#K^T*PSISKKNR,4.08,,,,,,,,,,,
LOC124245,Q86VM9,"67, 74, 78",GPSQEEEDNHS*DEEDRAS*EPKS*QDQDSEVNELSR,No,GPSQEEEDNHS*DEEDRAS*EPKS*QDQDSEVNELSR,11.06,27.13,26.32,,,,,,,,,
LOC149837,AAI17495,"35, 38, 42",TPQPFS*STS*QIST*DK,Yes,TPQPFS*STS*QIS*TDK,5.29,4.87,7.48,,,,,,,,,
LOC149837,AAI17495,"38, 42",TKTPQPFSSTS*QIST*DKDK,No,TKTPQPFSSTS*QIST*DKDK,17.01,13.15,,,,,,,,,,
LOC339287,XP_937175,62,KLKEPGPPLASS*QGGSPAPSPAGCGGK,Yes,KLKEPGPPLASSQGGS*PAPSPAGCGGK,9.94,,,,,,,,,,,
LOC91461,Q504Y2,"275, 278, 288",QLVFFKT*GWS*QVVPDPNKTT*YVK,Yes,QLVFFKT*GWSQVVPDPNKTT*YVK,13.33,14.89,,,,,,,,,,
LRRC16,Q5VZK9,1324,TFS*QEVSR,No,TFS*QEVSR,42.68,,,,,,,,,,,
MAF1,Q9H063,75,LSKS*QGGEEEGPLSDK,No,LSKS*QGGEEEGPLSDK,25.78,,,,,,,,,,,
MAGE-D2,Q9UNF1,162,AQETEAAPSQAPADEPEPESAAAQS*QENQDTRPK,No,AQETEAAPSQAPADEPEPESAAAQS*QENQDTRPK,19.95,,,,,,,,,,,
MAGE-D2,Q9UNF1,194,HLDGEEDGSSDQS*QASGTTGGR,No,HLDGEEDGSSDQS*QASGTTGGR,25.88,,,,,,,,,,,
MAGE-D2,Q9UNF1,§265,LQSS*QEPEAPPPR,No,LQSS*QEPEAPPPR,28.87,,,,,,,,,,,
MAGE-D2,Q9UNF1,"146, 162",AQETEAAPS*QAPADEPEPESAAAQS*QENQDTRPK,Yes,AQETEAAPS*QAPADEPEPES*AAAQSQENQDTRPK,31.51,30.11,,,,,,,,,,
MAGE-D2,Q9UNF1,"190, 191, 194",HLDGEEDGS*S*DQS*QASGTTGGR,No,HLDGEEDGS*S*DQS*QASGTTGGR,47.12,50.58,27.72,,,,,,,,,
MAGE-D2,Q9UNF1,"190, 194",HLDGEEDGS*SDQS*QASGTTGGR,No,HLDGEEDGS*SDQS*QASGTTGGR,0,38.52,,,,,,,,,,
MAGE-D2,Q9UNF1,"191, 194",HLDGEEDGSS*DQS*QASGTTGGR,No,HLDGEEDGSS*DQS*QASGTTGGR,32.4,53.2,,,,,,,,,,
MAGE-G1,Q96MG7,57,DGFAEEAPSTSRGPGGS*QGSQGPSPQGAR,No,DGFAEEAPSTSRGPGGS*QGSQGPSPQGAR,16.61,,,,,,,,,,,
MAGE-G1,Q96MG7,57,DGFAEEAPSTSRGPGGS*QGSQGPSPQGAR,Yes,DGFAEEAPSTSRGPGGSQGS*QGPSPQGAR,20.81,,,,,,,,,,,
MGC14289,Q96H79,263,MLENTDNSSPSTEHS*QGLEK,No,MLENTDNSSPSTEHS*QGLEK,14.89,,,,,,,,,,,
MGC14289,Q96H79,"256, 263",MLENTDNS*SPSTEHS*QGLEK,No,MLENTDNS*SPSTEHS*QGLEK,11.35,12.99,,,,,,,,,,
MGC14289,Q96H79,"257, 263",MLENTDNSS*PSTEHS*QGLEK,No,MLENTDNSS*PSTEHS*QGLEK,5.29,8.7,,,,,,,,,,
MLP,P49006,§70,GEGESPPVNGTDEAAGATGDAIEPAPPS*QGAEAK,No,GEGESPPVNGTDEAAGATGDAIEPAPPS*QGAEAK,118.96,,,,,,,,,,,
MON1A,Q9BRF3,91,QIS*QDFSELSTQLTGVAR,No,QIS*QDFSELSTQLTGVAR,86.06,,,,,,,,,,,
MYCBPAP,NP_115509,"656, 661",FRS*PISET*QVPR,No,FRS*PISET*QVPR,44.73,28.5,,,,,,,,,,
NBEAL1,Q6ZS30,1299,RLS*QISAGETEYNTQDSK,No,RLS*QISAGETEYNTQDSK,53.2,,,,,,,,,,,
NBEAL1,Q6ZS30,"1299, 1302",RLS*QIS*AGETEYNTQDSK,No,RLS*QIS*AGETEYNTQDSK,20.03,14.12,,,,,,,,,,
Ndrg2,Q9UN36,"§346, §350",S*RTLS*QSSESGTLSSGPPGHTM#EVSC,Yes,S*RTLSQSSES*GTLSSGPPGHTM#EVSC,13.29,2.22,,,,,,,,,,
Ndrg2,Q9UN36,"§348, §350",SRT*LS*QSSESGTLSSGPPGHTMEVSC,Yes,S*RTLS*QSSESGTLSSGPPGHTMEVSC,9.34,16.23,,,,,,,,,,
Ndrg2,Q9UN36,"§348, §350, 355",SRT*LS*QSSES*GTLSSGPPGHTMEVSC,Yes,SRTLSQSS*ES*GT*LSSGPPGHTMEVSC,8.63,12.32,12.2,,,,,,,,,
NDRG3,Q9UGV2,355,SVTSNQSDGT*QESCESPDVLDR,No,SVTSNQSDGT*QESCESPDVLDR,18.84,,,,,,,,,,,
NEXN,Q96DL0,195,TIS*QEFLTPGK,No,TIS*QEFLTPGK,33.68,,,,,,,,,,,
NEXN,Q96DL0,"195, 200",TIS*QEFLT*PGKLEINFEELLK,No,TIS*QEFLT*PGKLEINFEELLK,13.27,62.42,,,,,,,,,,
NUCKS,Q9H1E3,"14, §19",KVVDYS*QFQES*DDADEDYGR,No,KVVDYS*QFQES*DDADEDYGR,47.74,46.89,,,,,,,,,,
PCDHGA10,Q9Y5H3,"254, 263, 269",VS*VPENLPVGT*QLLT*VTATDR,Yes,VS*VPENLPVGTQLLT*VT*ATDR,33.45,2.22,4.36,,,,,,,,,
PHF14,O94880,294,NSADDEELTNDSLTLS*QSK,No,NSADDEELTNDSLTLS*QSK,32.27,,,,,,,,,,,
PHF14,NP_001007158,936,NIS*QELNMEQK,No,NIS*QELNMEQK,N/A,,,,,,,,,,,
PHF14,O94880,"294, 296",NSADDEELTNDSLTLS*QS*KSNEDSLILEK,Yes,NSADDEELTNDS*LTLSQSKS*NEDSLILEK,14.87,4.49,,,,,,,,,,
PHF6,Q8IWS0,358,GK#VEIDQQQLT*QQQLNGN,Yes,GKVEIDQQQLT*QQQLNGN,6.59,,,,,,,,,,,
PHF6,Q8IWS0,358,GKVEIDQQQLT*QQQLNGN,No,SYT*RSDSSSS*S*S*SRRR,,,,,,,,,,,,
PLEKHH2,NP_742066,459,HLS*QPQLSSDR,No,HLS*QPQLSSDR,57.25,,,,,,,,,,,
POU6F1,Q14863,"166, 173, 175",NFKIRRLSLGLTQT*QVGQALT*AT*EGPAYSQSAICR,No,NFKIRRLSLGLTQT*QVGQALT*AT*EGPAYSQSAICR,7.04,13.16,3.16,,,,,,,,,
PRCC,Q92733,"261, 267",QIT*QEEDDS*DEEVAPENFFSLPEK,No,QIT*QEEDDS*DEEVAPENFFSLPEK,104.72,114.93,,,,,,,,,,
RFWD3,Q6PCD5,"425, 428",GSQAWVLSCS*PSS*QGQHK,Yes,GSQAWVLSCS*PS*SQGQHK,18.87,0,,,,,,,,,,
RNF138,Q9UF87,62,KYQDEYGVSSIIPNFQIS*QDSVGNSNR,No,KYQDEYGVSSIIPNFQIS*QDSVGNSNR,27.04,,,,,,,,,,,
RPGRIP1,Q96KN7,"502, 511, 522",KLS*QVLNELQVS*HAETTLELEKT*RDMLILQR,Yes,KVPVKGGSS*KGKPS*GKRKLAT*EGKKGKGEQLSEQK,0,7.09,12.51,,,,,,,,,
SAPLa,Q9H2K6,745,LSTS*QDAACKDAEECPETAEAK,No,LSTS*QDAACKDAEECPETAEAK,5.37,,,,,,,,,,,
SETD1B,Q9UPS6,"113, 121",EPPEEPGLS*QEGAMLLS*PEPPAK,No,EPPEEPGLS*QEGAMLLS*PEPPAK,N/A,N/A,,,,,,,,,,
SHROOM4,Q9ULL8,"1082, 1087, 1089",ELFS*KGDET*QS*DLLGARK,No,ELFS*KGDET*QS*DLLGARK,N/A,N/A,N/A,,,,,,,,,
SPG21,Q6ZMB6,304,GSLGIS*QEEQ,No,GSLGIS*QEEQ,83.5,,,,,,,,,,,
SUHW3,Q8ND82,155,NSQVGSDNSSILLFDSTQESLPPS*QDIPAIFR,No,NSQVGSDNSSILLFDSTQESLPPS*QDIPAIFR,25.49,,,,,,,,,,,
TFPT,NP_037474,"145, 167",ASQFTIVLEDEGS*QGTDAPTPGNAENEPPEKETLS*PPR,No,ASQFTIVLEDEGS*QGTDAPTPGNAENEPPEKETLS*PPR,8.15,18.49,,,,,,,,,,
UHRF1BP1,Q6BDS2,"1103, 1114, 1115",TVS*QQSFDGVSLDS*S*GPEDR@,Yes,RRNSTS*S*T*NQNMFCEER,0,8.65,7.04,,,,,,,,,
UTP14A,Q9BVJ6,14,LAESLLALS*QQEELADLPK,No,LAESLLALS*QQEELADLPK,89.35,,,,,,,,,,,
UTP14A,Q9BVJ6,437,RSELS*QDAEPAGSQETK,No,RSELS*QDAEPAGSQETK,65.16,,,,,,,,,,,
UTP14A,Q9BVJ6,"§434, 437",KRS*ELS*QDAEPAGSQETK,No,KRS*ELS*QDAEPAGSQETK,106.45,127.02,,,,,,,,,,
UTP14A,Q9BVJ6,"§434, 437, 445",KRS*ELS*QDAEPAGS*QETK,No,KRS*ELS*QDAEPAGS*QETK,111.18,117.28,34.55,,,,,,,,,
UTP14A,Q9BVJ6,"437, 445",RSELS*QDAEPAGS*QETK,No,RSELS*QDAEPAGS*QETK,65.16,46.24,,,,,,,,,,
UTP14A,Q9BVJ6,"437, 445, §451",KRSELS*QDAEPAGS*QETKDS*GSQEVLSELR,Yes,KRSELS*QDAEPAGS*QETKDSGS*QEVLSELR,37.38,5.97,6.86,,,,,,,,,
UTP14A,Q9BVJ6,"437, 448",SELS*QDAEPAGSQET*K#,Yes,AALSGS*GGGT*ADPET*TGR,0,3.51,0,,,,,,,,,
UTP14A,Q9BVJ6,"437, 448, §451",RSELS*QDAEPAGSQET*KDS*GSQEVLSELR,Yes,RSELS*QDAEPAGS*QETKDS*GSQEVLSELR,23.1,8.79,20.91,,,,,,,,,
UTP14A,Q9BVJ6,"437, 448, 453",SELS*QDAEPAGSQET*KDSGS*QEVLSELR,No,SELS*QDAEPAGSQET*KDSGS*QEVLSELR,22.61,24.75,8.08,,,,,,,,,
WDR44,Q8NHU5,426,TT*QLKKFLGKSVKR,No,TT*QLKKFLGKSVKR,0,,,,,,,,,,,
YEATS2,Q9ULM3,1187,VKTEPETPGPSCLS*QEGQTAVK,No,VKTEPETPGPSCLS*QEGQTAVK,32.7,,,,,,,,,,,
YEATS2,Q9ULM3,"596, 601",ISTASQVS*QGTGS*PVPK,Yes,ISTASQVS*QGT*GSPVPK,10.96,7.48,,,,,,,,,,
ZC3H8,Q8N5P1,"77, 83",SKDYDVYS*DNDICS*QESEDNFAK,No,SKDYDVYS*DNDICS*QESEDNFAK,12.1,12.2,,,,,,,,,,
"§ indicates sites known to be phosphorylated, though not necessarily by ATM/R.  Peptide Change indicates if the Ascore program modified the original peptide in any way to improve scores.  Original sequences are shown in the Sequence column, sequences used for scoring are shown in the Ascore Sequence column.  Ascore values correspond to the ordinal number of the phosphorylation site shown in the Ascore Sequence column (first, secon, third).  Peptides with more than three phosphorylation sites do not have Ascore values.  N/A indicates 100% certainty of proper phosphorylation site localization, as no other potential phosphorylation site is available.  Green indicates sites with Ascore values over the 95% confidence threshold, grey indicates Ascore values for non-motif sites.",,,,,,,,,,,,,,,,,
,,,,,,,,,,,,,,,,,
,,,,,,,,,,,,,,,,,
,,,,,,,,,,,,,,,,,
,,,,,,,,,,,,,,,,,
,,,,,,,,,,,,,,,,,
,,,,,,,,,,,,,,,,,
,,,,,,,,,,,,,,,,,
,,,,,,,,,,,,,,,,,
,,,,,,,,,,,,,,,,,
,,,,,,,,,,,,,,,,,
,,,,,,,,,,,,,,,,,
,,,,,,,,,,,,,,,,,
,,,,,,,,,,,,,,,,,
,,,,,,,,,,,,,,,,,
,,,,,,,,,,,,,,,,,
,,,,,,,,,,,,,,,,,
,,,,,,,,,,,,,,,,,
,,,,,,,,,,,,,,,,,
,,,,,,,,,,,,,,,,,
,,,,,,,,,,,,,,,,,
,,,,,,,,,,,,,,,,,
,,,,,,,,,,,,,,,,,
,,,,,,,,,,,,,,,,,
,,,,,,,,,,,,,,,,,
,,,,,,,,,,,,,,,,,
,,,,,,,,,,,,,,,,,
,,,,,,,,,,,,,,,,,
,,,,,,,,,,,,,,,,,
,,,,,,,,,,,,,,,,,
,,,,,,,,,,,,,,,,,
,,,,,,,,,,,,,,,,,
,,,,,,,,,,,,,,,,,
,,,,,,,,,,,,,,,,,
,,,,,,,,,,,,,,,,,
,,,,,,,,,,,,,,,,,
,,,,,,,,,,,,,,,,,
,,,,,,,,,,,,,,,,,
,,,,,,,,,,,,,,,,,
,,,,,,,,,,,,,,,,,
,,,,,,,,,,,,,,,,,
,,,,,,,,,,,,,,,,,
,,,,,,,,,,,,,,,,,
,,,,,,,,,,,,,,,,,
,,,,,,,,,,,,,,,,,
,,,,,,,,,,,,,,,,,
,,,,,,,,,,,,,,,,,
,,,,,,,,,,,,,,,,,
,,,,,,,,,,,,,,,,,
,,,,,,,,,,,,,,,,,
,,,,,,,,,,,,,,,,,
,,,,,,,,,,,,,,,,,
,,,,,,,,,,,,,,,,,
,,,,,,,,,,,,,,,,,
,,,,,,,,,,,,,,,,,
,,,,,,,,,,,,,,,,,
,,,,,,,,,,,,,,,,,
,,,,,,,,,,,,,,,,,
,,,,,,,,,,,,,,,,,
,,,,,,,,,,,,,,,,,
,,,,,,,,,,,,,,,,,
,,,,,,,,,,,,,,,,,
,,,,,,,,,,,,,,,,,
,,,,,,,,,,,,,,,,,
,,,,,,,,,,,,,,,,,
,,,,,,,,,,,,,,,,,
,,,,,,,,,,,,,,,,,
,,,,,,,,,,,,,,,,,
,,,,,,,,,,,,,,,,,
,,,,,,,,,,,,,,,,,